com.samsung.shealth.preferences,6293007,2
text_value,service_id,float_value,update_time,create_time,long_value,tag,blob_value,int_value,deviceuuid,pkg_name,double_value,datauuid
,,,2025-01-21 10:31:09.633,2025-01-14 15:14:05.615,,,,1,R0X8Tl1DGH,com.sec.android.app.shealth,,oobe.sensitive_data_available,
,,,2025-01-14 15:14:35.668,2025-01-14 15:14:35.690,,,,0,R0X8Tl1DGH,com.sec.android.app.shealth,,boost.card.selected_category,
,,,2025-01-14 15:14:35.670,2025-01-14 15:14:35.698,1736867675670,,,,R0X8Tl1DGH,com.sec.android.app.shealth,,mow.selected_time,
,,,2025-03-23 08:54:51.030,2025-01-14 15:14:35.744,,,,1,R0X8Tl1DGH,com.sec.android.app.shealth,,oobe.sensitive_data_agreement,
,,,2025-03-23 08:54:51.046,2025-01-14 15:14:35.767,,,,0,R0X8Tl1DGH,com.sec.android.app.shealth,,settings.personalization_agreement,
,,,2025-03-23 08:54:51.045,2025-01-14 15:14:35.773,,,,0,R0X8Tl1DGH,com.sec.android.app.shealth,,settings.marketing_agreement,
,tracker.sleep,,2025-02-18 08:31:34.360,2025-01-14 15:14:37.072,,,,1,R0X8Tl1DGH,com.sec.android.app.shealth,,06-snore_setting_new,
0,,,2025-01-14 15:14:36.774,2025-01-14 15:14:37.199,,,,,R0X8Tl1DGH,com.sec.android.app.shealth,,34-badges.DB.update,
,,,2025-01-21 10:31:09.634,2025-01-14 15:14:37.372,,,,1,R0X8Tl1DGH,com.sec.android.app.shealth,,oobe.shd_access_authority_status,
,tracker.cycle,,2025-01-15 09:23:04.362,2025-01-14 15:14:37.525,,,,1,R0X8Tl1DGH,com.sec.android.app.shealth,,37-disclaimer_agreed,
,,,2025-01-14 15:14:39.516,2025-01-14 15:14:39.565,,,,1,R0X8Tl1DGH,com.sec.android.app.shealth,,settings.location_agreement,
,tracker.exercise,,2025-01-14 15:15:24.765,2025-01-14 15:15:24.911,,,,1,R0X8Tl1DGH,com.sec.android.app.shealth,,34-during.audioGuide.enable,
,tracker.exercise,,2025-01-14 15:15:59.000,2025-01-14 15:15:24.915,,,,1,MhLCbMNGdz,com.sec.android.app.shealth,,34-1001.autoPause.enable,
,,,2025-01-14 15:15:33.002,2025-01-14 15:15:33.032,,,,1,R0X8Tl1DGH,com.sec.android.app.shealth,,settings.map_location_agreement,
,tracker.heartrate,,2025-03-20 16:29:53.000,2025-01-14 15:16:00.457,,,,0,MhLCbMNGdz,com.sec.android.app.shealth,,05-measure.period,
,tracker.heartrate,,2025-03-20 16:29:53.000,2025-01-14 15:16:00.458,,,,1,MhLCbMNGdz,com.sec.android.app.shealth,,05-alert.high.enable,
,tracker.heartrate,,2025-03-20 16:29:53.000,2025-01-14 15:16:00.458,,,,120,MhLCbMNGdz,com.sec.android.app.shealth,,05-alert.high.limit,
,tracker.heartrate,,2025-03-20 16:29:53.000,2025-01-14 15:16:00.458,,,,1,MhLCbMNGdz,com.sec.android.app.shealth,,05-alert.low.enable,
,tracker.heartrate,,2025-03-20 16:29:53.000,2025-01-14 15:16:00.458,,,,40,MhLCbMNGdz,com.sec.android.app.shealth,,05-alert.low.limit,
,tracker.stress,,2025-03-20 16:29:53.000,2025-01-14 15:16:00.458,,,,0,MhLCbMNGdz,com.sec.android.app.shealth,,08-measure.period,
,tracker.spo2,,2025-03-20 16:29:53.000,2025-01-14 15:16:00.459,,,,0,MhLCbMNGdz,com.sec.android.app.shealth,,10-measure.period,
,tracker.exercise,,2025-03-20 16:29:53.000,2025-01-14 15:16:00.459,,,,1,MhLCbMNGdz,com.sec.android.app.shealth,,34-detection.workout.enable,
,tracker.exercise,,2025-03-20 16:29:53.000,2025-01-14 15:16:00.459,,,,1,MhLCbMNGdz,com.sec.android.app.shealth,,34-detection.elliptical.enable,
,tracker.exercise,,2025-03-20 16:29:53.000,2025-01-14 15:16:00.459,,,,1,MhLCbMNGdz,com.sec.android.app.shealth,,34-detection.rowing.enable,
,tracker.exercise,,2025-03-20 16:29:53.000,2025-01-14 15:16:00.459,,,,1,MhLCbMNGdz,com.sec.android.app.shealth,,34-detection.swimming.enable,
,tracker.exercise,,2025-03-20 16:29:53.000,2025-01-14 15:16:00.459,,,,1,MhLCbMNGdz,com.sec.android.app.shealth,,34-detection.dynamic.enable,
,tracker.exercise,,2025-03-20 16:29:53.000,2025-01-14 15:16:00.459,,,,1,MhLCbMNGdz,com.sec.android.app.shealth,,34-detection.alert.enable,
,tracker.exercise,,2025-03-20 16:29:53.000,2025-01-14 15:16:00.459,,,,1,MhLCbMNGdz,com.sec.android.app.shealth,,34-detection.walking.only.enable,
,tracker.exercise,,2025-03-20 16:29:53.000,2025-01-14 15:16:00.459,,,,1,MhLCbMNGdz,com.sec.android.app.shealth,,34-detection.running.only.enable,
,tracker.exercise,,2025-03-20 16:29:53.000,2025-01-14 15:16:00.459,,,,0,MhLCbMNGdz,com.sec.android.app.shealth,,34-detection.location.walking.enable,
,tracker.exercise,,2025-03-20 16:29:53.000,2025-01-14 15:16:00.459,,,,0,MhLCbMNGdz,com.sec.android.app.shealth,,34-detection.location.running.enable,
,tracker.inactive,,2025-03-20 16:29:53.000,2025-01-14 15:16:00.459,,,,0,MhLCbMNGdz,com.sec.android.app.shealth,,75-alert.enable,
09:00,tracker.inactive,,2025-03-20 16:29:53.000,2025-01-14 15:16:00.459,,,,,MhLCbMNGdz,com.sec.android.app.shealth,,75-startTimeOfDay,
17:00,tracker.inactive,,2025-03-20 16:29:53.000,2025-01-14 15:16:00.459,,,,,MhLCbMNGdz,com.sec.android.app.shealth,,75-endTimeOfDay,
"{""fri"":true,""mon"":true,""sat"":false,""sun"":false,""thu"":true,""tue"":true,""wed"":true}",tracker.inactive,,2025-03-20 16:29:53.000,2025-01-14 15:16:00.459,,,,,MhLCbMNGdz,com.sec.android.app.shealth,,75-daysOfWeek,
,,,2025-03-22 21:06:04.000,2025-01-14 15:16:00.459,,,,0,MhLCbMNGdz,com.sec.android.app.shealth,,72-wearable.is_child_account,
,tracker.stress,,2025-03-22 21:06:04.000,2025-01-14 15:16:00.459,,,stress.breath_settings.blob_value.json,,MhLCbMNGdz,com.sec.android.app.shealth,,stress.breath_settings,
,,,1970-01-01 00:00:00.000,2025-01-14 15:16:00.470,,,water-cup-settings_capability.blob_value.json,,MhLCbMNGdz,com.sec.android.app.shealth,,water-cup-settings_capability,
,tracker.exercise,,2025-01-14 15:15:59.000,2025-01-14 15:16:00.482,,,,1,MhLCbMNGdz,com.sec.android.app.shealth,,34-1001.coaching.enable,
,tracker.exercise,,2025-01-14 15:15:59.000,2025-01-14 15:16:00.483,,,,1,MhLCbMNGdz,com.sec.android.app.shealth,,34-1002.coaching.enable,
,tracker.exercise,,2025-01-14 15:15:59.000,2025-01-14 15:16:00.483,,,,1,MhLCbMNGdz,com.sec.android.app.shealth,,34-9001002.coaching.enable,
,tracker.exercise,,2025-01-14 15:15:59.000,2025-01-14 15:16:00.483,,,,1,MhLCbMNGdz,com.sec.android.app.shealth,,34-1006.coaching.enable,
,tracker.exercise,,2025-01-14 15:15:59.000,2025-01-14 15:16:00.483,,,,1,MhLCbMNGdz,com.sec.android.app.shealth,,34-1007.coaching.enable,
,tracker.exercise,,2025-01-14 15:15:59.000,2025-01-14 15:16:00.483,,,,1,MhLCbMNGdz,com.sec.android.app.shealth,,34-2001.coaching.enable,
,tracker.exercise,,2025-01-14 15:15:59.000,2025-01-14 15:16:00.483,,,,1,MhLCbMNGdz,com.sec.android.app.shealth,,34-2002.coaching.enable,
,tracker.exercise,,2025-01-14 15:15:59.000,2025-01-14 15:16:00.483,,,,1,MhLCbMNGdz,com.sec.android.app.shealth,,34-2003.coaching.enable,
,tracker.exercise,,2025-01-14 15:15:59.000,2025-01-14 15:16:00.483,,,,1,MhLCbMNGdz,com.sec.android.app.shealth,,34-3001.coaching.enable,
,tracker.exercise,,2025-01-14 15:15:59.000,2025-01-14 15:16:00.483,,,,1,MhLCbMNGdz,com.sec.android.app.shealth,,34-3003.coaching.enable,
,tracker.exercise,,2025-01-14 15:15:59.000,2025-01-14 15:16:00.483,,,,1,MhLCbMNGdz,com.sec.android.app.shealth,,34-4001.coaching.enable,
,tracker.exercise,,2025-01-14 15:15:59.000,2025-01-14 15:16:00.483,,,,1,MhLCbMNGdz,com.sec.android.app.shealth,,34-4002.coaching.enable,
,tracker.exercise,,2025-01-14 15:15:59.000,2025-01-14 15:16:00.483,,,,1,MhLCbMNGdz,com.sec.android.app.shealth,,34-4003.coaching.enable,
,tracker.exercise,,2025-01-14 15:15:59.000,2025-01-14 15:16:00.483,,,,1,MhLCbMNGdz,com.sec.android.app.shealth,,34-4004.coaching.enable,
,tracker.exercise,,2025-01-14 15:15:59.000,2025-01-14 15:16:00.483,,,,1,MhLCbMNGdz,com.sec.android.app.shealth,,34-4005.coaching.enable,
,tracker.exercise,,2025-01-14 15:15:59.000,2025-01-14 15:16:00.483,,,,1,MhLCbMNGdz,com.sec.android.app.shealth,,34-4006.coaching.enable,
,tracker.exercise,,2025-01-14 15:15:59.000,2025-01-14 15:16:00.484,,,,1,MhLCbMNGdz,com.sec.android.app.shealth,,34-5001.coaching.enable,
,tracker.exercise,,2025-01-14 15:15:59.000,2025-01-14 15:16:00.484,,,,1,MhLCbMNGdz,com.sec.android.app.shealth,,34-5002.coaching.enable,
,tracker.exercise,,2025-01-14 15:15:59.000,2025-01-14 15:16:00.484,,,,1,MhLCbMNGdz,com.sec.android.app.shealth,,34-6001.coaching.enable,
,tracker.exercise,,2025-01-14 15:15:59.000,2025-01-14 15:16:00.484,,,,1,MhLCbMNGdz,com.sec.android.app.shealth,,34-6002.coaching.enable,
,tracker.exercise,,2025-01-14 15:15:59.000,2025-01-14 15:16:00.484,,,,1,MhLCbMNGdz,com.sec.android.app.shealth,,34-6003.coaching.enable,
,tracker.exercise,,2025-01-14 15:15:59.000,2025-01-14 15:16:00.484,,,,1,MhLCbMNGdz,com.sec.android.app.shealth,,34-6004.coaching.enable,
,tracker.exercise,,2025-01-14 15:15:59.000,2025-01-14 15:16:00.484,,,,1,MhLCbMNGdz,com.sec.android.app.shealth,,34-6005.coaching.enable,
,tracker.exercise,,2025-01-14 15:15:59.000,2025-01-14 15:16:00.484,,,,1,MhLCbMNGdz,com.sec.android.app.shealth,,34-7002.coaching.enable,
,tracker.exercise,,2025-01-14 15:15:59.000,2025-01-14 15:16:00.484,,,,1,MhLCbMNGdz,com.sec.android.app.shealth,,34-7003.coaching.enable,
,tracker.exercise,,2025-01-14 15:15:59.000,2025-01-14 15:16:00.484,,,,1,MhLCbMNGdz,com.sec.android.app.shealth,,34-8001.coaching.enable,
,tracker.exercise,,2025-01-14 15:15:59.000,2025-01-14 15:16:00.484,,,,1,MhLCbMNGdz,com.sec.android.app.shealth,,34-8002.coaching.enable,
,tracker.exercise,,2025-01-14 15:15:59.000,2025-01-14 15:16:00.484,,,,1,MhLCbMNGdz,com.sec.android.app.shealth,,34-8003.coaching.enable,
,tracker.exercise,,2025-01-14 15:15:59.000,2025-01-14 15:16:00.484,,,,1,MhLCbMNGdz,com.sec.android.app.shealth,,34-9001.coaching.enable,
,tracker.exercise,,2025-01-14 15:15:59.000,2025-01-14 15:16:00.484,,,,1,MhLCbMNGdz,com.sec.android.app.shealth,,34-9002.coaching.enable,
,tracker.exercise,,2025-01-14 15:15:59.000,2025-01-14 15:16:00.484,,,,1,MhLCbMNGdz,com.sec.android.app.shealth,,34-10001.coaching.enable,
,tracker.exercise,,2025-01-14 15:15:59.000,2025-01-14 15:16:00.485,,,,1,MhLCbMNGdz,com.sec.android.app.shealth,,34-10002.coaching.enable,
,tracker.exercise,,2025-01-14 15:15:59.000,2025-01-14 15:16:00.485,,,,1,MhLCbMNGdz,com.sec.android.app.shealth,,34-10003.coaching.enable,
,tracker.exercise,,2025-01-14 15:15:59.000,2025-01-14 15:16:00.485,,,,1,MhLCbMNGdz,com.sec.android.app.shealth,,34-10004.coaching.enable,
,tracker.exercise,,2025-01-14 15:15:59.000,2025-01-14 15:16:00.485,,,,1,MhLCbMNGdz,com.sec.android.app.shealth,,34-10005.coaching.enable,
,tracker.exercise,,2025-01-14 15:15:59.000,2025-01-14 15:16:00.485,,,,1,MhLCbMNGdz,com.sec.android.app.shealth,,34-10006.coaching.enable,
,tracker.exercise,,2025-01-14 15:15:59.000,2025-01-14 15:16:00.485,,,,1,MhLCbMNGdz,com.sec.android.app.shealth,,34-10007.coaching.enable,
,tracker.exercise,,2025-01-14 15:15:59.000,2025-01-14 15:16:00.485,,,,1,MhLCbMNGdz,com.sec.android.app.shealth,,34-10008.coaching.enable,
,tracker.exercise,,2025-01-14 15:15:59.000,2025-01-14 15:16:00.485,,,,1,MhLCbMNGdz,com.sec.android.app.shealth,,34-10009.coaching.enable,
,tracker.exercise,,2025-01-14 15:15:59.000,2025-01-14 15:16:00.485,,,,1,MhLCbMNGdz,com.sec.android.app.shealth,,34-10010.coaching.enable,
,tracker.exercise,,2025-01-14 15:15:59.000,2025-01-14 15:16:00.485,,,,1,MhLCbMNGdz,com.sec.android.app.shealth,,34-10011.coaching.enable,
,tracker.exercise,,2025-01-14 15:15:59.000,2025-01-14 15:16:00.485,,,,1,MhLCbMNGdz,com.sec.android.app.shealth,,34-10012.coaching.enable,
,tracker.exercise,,2025-01-14 15:15:59.000,2025-01-14 15:16:00.485,,,,1,MhLCbMNGdz,com.sec.android.app.shealth,,34-10013.coaching.enable,
,tracker.exercise,,2025-01-14 15:15:59.000,2025-01-14 15:16:00.485,,,,1,MhLCbMNGdz,com.sec.android.app.shealth,,34-10014.coaching.enable,
,tracker.exercise,,2025-01-14 15:15:59.000,2025-01-14 15:16:00.485,,,,1,MhLCbMNGdz,com.sec.android.app.shealth,,34-10015.coaching.enable,
,tracker.exercise,,2025-01-14 15:15:59.000,2025-01-14 15:16:00.485,,,,1,MhLCbMNGdz,com.sec.android.app.shealth,,34-10016.coaching.enable,
,tracker.exercise,,2025-01-14 15:15:59.000,2025-01-14 15:16:00.485,,,,1,MhLCbMNGdz,com.sec.android.app.shealth,,34-10017.coaching.enable,
,tracker.exercise,,2025-01-14 15:15:59.000,2025-01-14 15:16:00.485,,,,1,MhLCbMNGdz,com.sec.android.app.shealth,,34-10018.coaching.enable,
,tracker.exercise,,2025-01-14 15:15:59.000,2025-01-14 15:16:00.486,,,,1,MhLCbMNGdz,com.sec.android.app.shealth,,34-10019.coaching.enable,
,tracker.exercise,,2025-01-14 15:15:59.000,2025-01-14 15:16:00.486,,,,1,MhLCbMNGdz,com.sec.android.app.shealth,,34-10020.coaching.enable,
,tracker.exercise,,2025-01-14 15:15:59.000,2025-01-14 15:16:00.486,,,,1,MhLCbMNGdz,com.sec.android.app.shealth,,34-10021.coaching.enable,
,tracker.exercise,,2025-01-14 15:15:59.000,2025-01-14 15:16:00.486,,,,1,MhLCbMNGdz,com.sec.android.app.shealth,,34-10022.coaching.enable,
,tracker.exercise,,2025-01-14 15:15:59.000,2025-01-14 15:16:00.486,,,,1,MhLCbMNGdz,com.sec.android.app.shealth,,34-10023.coaching.enable,
,tracker.exercise,,2025-01-14 15:15:59.000,2025-01-14 15:16:00.486,,,,1,MhLCbMNGdz,com.sec.android.app.shealth,,34-10024.coaching.enable,
,tracker.exercise,,2025-01-14 15:15:59.000,2025-01-14 15:16:00.486,,,,1,MhLCbMNGdz,com.sec.android.app.shealth,,34-10025.coaching.enable,
,tracker.exercise,,2025-01-14 15:15:59.000,2025-01-14 15:16:00.486,,,,1,MhLCbMNGdz,com.sec.android.app.shealth,,34-10026.coaching.enable,
,tracker.exercise,,2025-01-14 15:15:59.000,2025-01-14 15:16:00.486,,,,1,MhLCbMNGdz,com.sec.android.app.shealth,,34-10027.coaching.enable,
,tracker.exercise,,2025-01-14 15:15:59.000,2025-01-14 15:16:00.486,,,,1,MhLCbMNGdz,com.sec.android.app.shealth,,34-10028.coaching.enable,
,tracker.exercise,,2025-01-14 15:15:59.000,2025-01-14 15:16:00.486,,,,1,MhLCbMNGdz,com.sec.android.app.shealth,,34-10029.coaching.enable,
,tracker.exercise,,2025-01-14 15:15:59.000,2025-01-14 15:16:00.486,,,,1,MhLCbMNGdz,com.sec.android.app.shealth,,34-11001.coaching.enable,
,tracker.exercise,,2025-01-14 15:15:59.000,2025-01-14 15:16:00.486,,,,1,MhLCbMNGdz,com.sec.android.app.shealth,,34-11002.coaching.enable,
,tracker.exercise,,2025-01-14 15:15:59.000,2025-01-14 15:16:00.486,,,,1,MhLCbMNGdz,com.sec.android.app.shealth,,34-11004.coaching.enable,
,tracker.exercise,,2025-01-14 15:15:59.000,2025-01-14 15:16:00.486,,,,1,MhLCbMNGdz,com.sec.android.app.shealth,,34-11005.coaching.enable,
,tracker.exercise,,2025-01-14 15:15:59.000,2025-01-14 15:16:00.486,,,,1,MhLCbMNGdz,com.sec.android.app.shealth,,34-11007.coaching.enable,
,tracker.exercise,,2025-01-14 15:15:59.000,2025-01-14 15:16:00.486,,,,1,MhLCbMNGdz,com.sec.android.app.shealth,,34-11008.coaching.enable,
,tracker.exercise,,2025-01-14 15:15:59.000,2025-01-14 15:16:00.487,,,,1,MhLCbMNGdz,com.sec.android.app.shealth,,34-11009.coaching.enable,
,tracker.exercise,,2025-01-14 15:15:59.000,2025-01-14 15:16:00.487,,,,1,MhLCbMNGdz,com.sec.android.app.shealth,,34-12001.coaching.enable,
,tracker.exercise,,2025-01-14 15:15:59.000,2025-01-14 15:16:00.487,,,,1,MhLCbMNGdz,com.sec.android.app.shealth,,34-13001.coaching.enable,
,tracker.exercise,,2025-01-14 15:15:59.000,2025-01-14 15:16:00.487,,,,1,MhLCbMNGdz,com.sec.android.app.shealth,,34-13002.coaching.enable,
,tracker.exercise,,2025-01-14 15:15:59.000,2025-01-14 15:16:00.488,,,,1,MhLCbMNGdz,com.sec.android.app.shealth,,34-13003.coaching.enable,
,tracker.exercise,,2025-01-14 15:15:59.000,2025-01-14 15:16:00.488,,,,1,MhLCbMNGdz,com.sec.android.app.shealth,,34-13004.coaching.enable,
,tracker.exercise,,2025-01-14 15:15:59.000,2025-01-14 15:16:00.488,,,,1,MhLCbMNGdz,com.sec.android.app.shealth,,34-13005.coaching.enable,
,tracker.exercise,,2025-01-14 15:15:59.000,2025-01-14 15:16:00.488,,,,1,MhLCbMNGdz,com.sec.android.app.shealth,,34-14001.coaching.enable,
,tracker.exercise,,2025-01-14 15:15:59.000,2025-01-14 15:16:00.488,,,,1,MhLCbMNGdz,com.sec.android.app.shealth,,34-9014001.coaching.enable,
,tracker.exercise,,2025-01-14 15:15:59.000,2025-01-14 15:16:00.488,,,,1,MhLCbMNGdz,com.sec.android.app.shealth,,34-14002.coaching.enable,
,tracker.exercise,,2025-01-14 15:15:59.000,2025-01-14 15:16:00.488,,,,1,MhLCbMNGdz,com.sec.android.app.shealth,,34-14003.coaching.enable,
,tracker.exercise,,2025-01-14 15:15:59.000,2025-01-14 15:16:00.488,,,,1,MhLCbMNGdz,com.sec.android.app.shealth,,34-14004.coaching.enable,
,tracker.exercise,,2025-01-14 15:15:59.000,2025-01-14 15:16:00.489,,,,1,MhLCbMNGdz,com.sec.android.app.shealth,,34-14005.coaching.enable,
,tracker.exercise,,2025-01-14 15:15:59.000,2025-01-14 15:16:00.489,,,,1,MhLCbMNGdz,com.sec.android.app.shealth,,34-14006.coaching.enable,
,tracker.exercise,,2025-01-14 15:15:59.000,2025-01-14 15:16:00.489,,,,1,MhLCbMNGdz,com.sec.android.app.shealth,,34-14007.coaching.enable,
,tracker.exercise,,2025-01-14 15:15:59.000,2025-01-14 15:16:00.489,,,,1,MhLCbMNGdz,com.sec.android.app.shealth,,34-14008.coaching.enable,
,tracker.exercise,,2025-01-14 15:15:59.000,2025-01-14 15:16:00.489,,,,1,MhLCbMNGdz,com.sec.android.app.shealth,,34-14009.coaching.enable,
,tracker.exercise,,2025-01-14 15:15:59.000,2025-01-14 15:16:00.489,,,,1,MhLCbMNGdz,com.sec.android.app.shealth,,34-14010.coaching.enable,
,tracker.exercise,,2025-01-14 15:15:59.000,2025-01-14 15:16:00.489,,,,1,MhLCbMNGdz,com.sec.android.app.shealth,,34-14011.coaching.enable,
,tracker.exercise,,2025-01-14 15:15:59.000,2025-01-14 15:16:00.489,,,,1,MhLCbMNGdz,com.sec.android.app.shealth,,34-14012.coaching.enable,
,tracker.exercise,,2025-01-14 15:15:59.000,2025-01-14 15:16:00.489,,,,1,MhLCbMNGdz,com.sec.android.app.shealth,,34-14013.coaching.enable,
,tracker.exercise,,2025-01-14 15:15:59.000,2025-01-14 15:16:00.489,,,,1,MhLCbMNGdz,com.sec.android.app.shealth,,34-15001.coaching.enable,
,tracker.exercise,,2025-01-14 15:15:59.000,2025-01-14 15:16:00.489,,,,1,MhLCbMNGdz,com.sec.android.app.shealth,,34-15002.coaching.enable,
,tracker.exercise,,2025-01-14 15:15:59.000,2025-01-14 15:16:00.489,,,,1,MhLCbMNGdz,com.sec.android.app.shealth,,34-15003.coaching.enable,
,tracker.exercise,,2025-01-14 15:15:59.000,2025-01-14 15:16:00.489,,,,1,MhLCbMNGdz,com.sec.android.app.shealth,,34-15004.coaching.enable,
,tracker.exercise,,2025-01-14 15:15:59.000,2025-01-14 15:16:00.489,,,,1,MhLCbMNGdz,com.sec.android.app.shealth,,34-15005.coaching.enable,
,tracker.exercise,,2025-01-14 15:15:59.000,2025-01-14 15:16:00.489,,,,1,MhLCbMNGdz,com.sec.android.app.shealth,,34-15006.coaching.enable,
,tracker.exercise,,2025-01-14 15:15:59.000,2025-01-14 15:16:00.490,,,,1,MhLCbMNGdz,com.sec.android.app.shealth,,34-16001.coaching.enable,
,tracker.exercise,,2025-01-14 15:15:59.000,2025-01-14 15:16:00.490,,,,1,MhLCbMNGdz,com.sec.android.app.shealth,,34-16002.coaching.enable,
,tracker.exercise,,2025-01-14 15:15:59.000,2025-01-14 15:16:00.490,,,,1,MhLCbMNGdz,com.sec.android.app.shealth,,34-16003.coaching.enable,
,tracker.exercise,,2025-01-14 15:15:59.000,2025-01-14 15:16:00.490,,,,1,MhLCbMNGdz,com.sec.android.app.shealth,,34-16004.coaching.enable,
,tracker.exercise,,2025-01-14 15:15:59.000,2025-01-14 15:16:00.490,,,,1,MhLCbMNGdz,com.sec.android.app.shealth,,34-16006.coaching.enable,
,tracker.exercise,,2025-01-14 15:15:59.000,2025-01-14 15:16:00.490,,,,1,MhLCbMNGdz,com.sec.android.app.shealth,,34-16007.coaching.enable,
,tracker.exercise,,2025-01-14 15:15:59.000,2025-01-14 15:16:00.490,,,,1,MhLCbMNGdz,com.sec.android.app.shealth,,34-16008.coaching.enable,
,tracker.exercise,,2025-01-14 15:15:59.000,2025-01-14 15:16:00.490,,,,1,MhLCbMNGdz,com.sec.android.app.shealth,,34-16009.coaching.enable,
,tracker.exercise,,2025-01-14 15:15:59.000,2025-01-14 15:16:00.490,,,,1,MhLCbMNGdz,com.sec.android.app.shealth,,34-00.coaching.enable,
,tracker.exercise,,2025-01-14 15:15:59.000,2025-01-14 15:16:00.490,,,,1,MhLCbMNGdz,com.sec.android.app.shealth,,34-1002.autoPause.enable,
,tracker.exercise,,2025-01-14 15:15:59.000,2025-01-14 15:16:00.492,,,,0,MhLCbMNGdz,com.sec.android.app.shealth,,34-9001002.autoPause.enable,
,tracker.exercise,,2025-01-14 15:15:59.000,2025-01-14 15:16:00.492,,,,1,MhLCbMNGdz,com.sec.android.app.shealth,,34-1006.autoPause.enable,
,tracker.exercise,,2025-01-14 15:15:59.000,2025-01-14 15:16:00.492,,,,1,MhLCbMNGdz,com.sec.android.app.shealth,,34-1007.autoPause.enable,
,tracker.exercise,,2025-01-14 15:15:59.000,2025-01-14 15:16:00.492,,,,1,MhLCbMNGdz,com.sec.android.app.shealth,,34-2001.autoPause.enable,
,tracker.exercise,,2025-01-14 15:15:59.000,2025-01-14 15:16:00.492,,,,1,MhLCbMNGdz,com.sec.android.app.shealth,,34-2002.autoPause.enable,
,tracker.exercise,,2025-01-14 15:15:59.000,2025-01-14 15:16:00.492,,,,1,MhLCbMNGdz,com.sec.android.app.shealth,,34-2003.autoPause.enable,
,tracker.exercise,,2025-01-14 15:15:59.000,2025-01-14 15:16:00.492,,,,1,MhLCbMNGdz,com.sec.android.app.shealth,,34-3001.autoPause.enable,
,tracker.exercise,,2025-01-14 15:15:59.000,2025-01-14 15:16:00.492,,,,1,MhLCbMNGdz,com.sec.android.app.shealth,,34-3003.autoPause.enable,
,tracker.exercise,,2025-01-14 15:15:59.000,2025-01-14 15:16:00.492,,,,1,MhLCbMNGdz,com.sec.android.app.shealth,,34-4001.autoPause.enable,
,tracker.exercise,,2025-01-14 15:15:59.000,2025-01-14 15:16:00.492,,,,1,MhLCbMNGdz,com.sec.android.app.shealth,,34-4002.autoPause.enable,
,tracker.exercise,,2025-01-14 15:15:59.000,2025-01-14 15:16:00.492,,,,1,MhLCbMNGdz,com.sec.android.app.shealth,,34-4003.autoPause.enable,
,tracker.exercise,,2025-01-14 15:15:59.000,2025-01-14 15:16:00.493,,,,1,MhLCbMNGdz,com.sec.android.app.shealth,,34-4004.autoPause.enable,
,tracker.exercise,,2025-01-14 15:15:59.000,2025-01-14 15:16:00.493,,,,1,MhLCbMNGdz,com.sec.android.app.shealth,,34-4005.autoPause.enable,
,tracker.exercise,,2025-01-14 15:15:59.000,2025-01-14 15:16:00.493,,,,1,MhLCbMNGdz,com.sec.android.app.shealth,,34-4006.autoPause.enable,
,tracker.exercise,,2025-01-14 15:15:59.000,2025-01-14 15:16:00.494,,,,1,MhLCbMNGdz,com.sec.android.app.shealth,,34-5001.autoPause.enable,
,tracker.exercise,,2025-01-14 15:15:59.000,2025-01-14 15:16:00.494,,,,1,MhLCbMNGdz,com.sec.android.app.shealth,,34-5002.autoPause.enable,
,tracker.exercise,,2025-01-14 15:15:59.000,2025-01-14 15:16:00.494,,,,1,MhLCbMNGdz,com.sec.android.app.shealth,,34-6001.autoPause.enable,
,tracker.exercise,,2025-01-14 15:15:59.000,2025-01-14 15:16:00.494,,,,1,MhLCbMNGdz,com.sec.android.app.shealth,,34-6002.autoPause.enable,
,tracker.exercise,,2025-01-14 15:15:59.000,2025-01-14 15:16:00.494,,,,1,MhLCbMNGdz,com.sec.android.app.shealth,,34-6003.autoPause.enable,
,tracker.exercise,,2025-01-14 15:15:59.000,2025-01-14 15:16:00.494,,,,1,MhLCbMNGdz,com.sec.android.app.shealth,,34-6004.autoPause.enable,
,tracker.exercise,,2025-01-14 15:15:59.000,2025-01-14 15:16:00.494,,,,1,MhLCbMNGdz,com.sec.android.app.shealth,,34-6005.autoPause.enable,
,tracker.exercise,,2025-01-14 15:15:59.000,2025-01-14 15:16:00.494,,,,1,MhLCbMNGdz,com.sec.android.app.shealth,,34-7002.autoPause.enable,
,tracker.exercise,,2025-01-14 15:15:59.000,2025-01-14 15:16:00.495,,,,1,MhLCbMNGdz,com.sec.android.app.shealth,,34-7003.autoPause.enable,
,tracker.exercise,,2025-01-14 15:15:59.000,2025-01-14 15:16:00.495,,,,1,MhLCbMNGdz,com.sec.android.app.shealth,,34-8001.autoPause.enable,
,tracker.exercise,,2025-01-14 15:15:59.000,2025-01-14 15:16:00.495,,,,1,MhLCbMNGdz,com.sec.android.app.shealth,,34-8002.autoPause.enable,
,tracker.exercise,,2025-01-14 15:15:59.000,2025-01-14 15:16:00.495,,,,1,MhLCbMNGdz,com.sec.android.app.shealth,,34-8003.autoPause.enable,
,tracker.exercise,,2025-01-14 15:15:59.000,2025-01-14 15:16:00.495,,,,1,MhLCbMNGdz,com.sec.android.app.shealth,,34-9001.autoPause.enable,
,tracker.exercise,,2025-01-14 15:15:59.000,2025-01-14 15:16:00.495,,,,1,MhLCbMNGdz,com.sec.android.app.shealth,,34-9002.autoPause.enable,
,tracker.exercise,,2025-01-14 15:15:59.000,2025-01-14 15:16:00.495,,,,1,MhLCbMNGdz,com.sec.android.app.shealth,,34-10001.autoPause.enable,
,tracker.exercise,,2025-01-14 15:15:59.000,2025-01-14 15:16:00.495,,,,1,MhLCbMNGdz,com.sec.android.app.shealth,,34-10002.autoPause.enable,
,tracker.exercise,,2025-01-14 15:15:59.000,2025-01-14 15:16:00.495,,,,1,MhLCbMNGdz,com.sec.android.app.shealth,,34-10003.autoPause.enable,
,tracker.exercise,,2025-01-14 15:15:59.000,2025-01-14 15:16:00.495,,,,1,MhLCbMNGdz,com.sec.android.app.shealth,,34-10004.autoPause.enable,
,tracker.exercise,,2025-01-14 15:15:59.000,2025-01-14 15:16:00.495,,,,1,MhLCbMNGdz,com.sec.android.app.shealth,,34-10005.autoPause.enable,
,tracker.exercise,,2025-01-14 15:15:59.000,2025-01-14 15:16:00.495,,,,1,MhLCbMNGdz,com.sec.android.app.shealth,,34-10006.autoPause.enable,
,tracker.exercise,,2025-01-14 15:15:59.000,2025-01-14 15:16:00.495,,,,1,MhLCbMNGdz,com.sec.android.app.shealth,,34-10007.autoPause.enable,
,tracker.exercise,,2025-01-14 15:15:59.000,2025-01-14 15:16:00.495,,,,1,MhLCbMNGdz,com.sec.android.app.shealth,,34-10008.autoPause.enable,
,tracker.exercise,,2025-01-14 15:15:59.000,2025-01-14 15:16:00.495,,,,1,MhLCbMNGdz,com.sec.android.app.shealth,,34-10009.autoPause.enable,
,tracker.exercise,,2025-01-14 15:15:59.000,2025-01-14 15:16:00.495,,,,1,MhLCbMNGdz,com.sec.android.app.shealth,,34-10010.autoPause.enable,
,tracker.exercise,,2025-01-14 15:15:59.000,2025-01-14 15:16:00.495,,,,1,MhLCbMNGdz,com.sec.android.app.shealth,,34-10011.autoPause.enable,
,tracker.exercise,,2025-01-14 15:15:59.000,2025-01-14 15:16:00.495,,,,1,MhLCbMNGdz,com.sec.android.app.shealth,,34-10012.autoPause.enable,
,tracker.exercise,,2025-01-14 15:15:59.000,2025-01-14 15:16:00.495,,,,1,MhLCbMNGdz,com.sec.android.app.shealth,,34-10013.autoPause.enable,
,tracker.exercise,,2025-01-14 15:15:59.000,2025-01-14 15:16:00.495,,,,1,MhLCbMNGdz,com.sec.android.app.shealth,,34-10014.autoPause.enable,
,tracker.exercise,,2025-01-14 15:15:59.000,2025-01-14 15:16:00.495,,,,1,MhLCbMNGdz,com.sec.android.app.shealth,,34-10015.autoPause.enable,
,tracker.exercise,,2025-01-14 15:15:59.000,2025-01-14 15:16:00.496,,,,1,MhLCbMNGdz,com.sec.android.app.shealth,,34-10016.autoPause.enable,
,tracker.exercise,,2025-01-14 15:15:59.000,2025-01-14 15:16:00.496,,,,1,MhLCbMNGdz,com.sec.android.app.shealth,,34-10017.autoPause.enable,
,tracker.exercise,,2025-01-14 15:15:59.000,2025-01-14 15:16:00.496,,,,1,MhLCbMNGdz,com.sec.android.app.shealth,,34-10018.autoPause.enable,
,tracker.exercise,,2025-01-14 15:15:59.000,2025-01-14 15:16:00.496,,,,1,MhLCbMNGdz,com.sec.android.app.shealth,,34-10019.autoPause.enable,
,tracker.exercise,,2025-01-14 15:15:59.000,2025-01-14 15:16:00.496,,,,1,MhLCbMNGdz,com.sec.android.app.shealth,,34-10020.autoPause.enable,
,tracker.exercise,,2025-01-14 15:15:59.000,2025-01-14 15:16:00.496,,,,1,MhLCbMNGdz,com.sec.android.app.shealth,,34-10021.autoPause.enable,
,tracker.exercise,,2025-01-14 15:15:59.000,2025-01-14 15:16:00.496,,,,1,MhLCbMNGdz,com.sec.android.app.shealth,,34-10022.autoPause.enable,
,tracker.exercise,,2025-01-14 15:15:59.000,2025-01-14 15:16:00.496,,,,1,MhLCbMNGdz,com.sec.android.app.shealth,,34-10023.autoPause.enable,
,tracker.exercise,,2025-01-14 15:15:59.000,2025-01-14 15:16:00.496,,,,1,MhLCbMNGdz,com.sec.android.app.shealth,,34-10024.autoPause.enable,
,tracker.exercise,,2025-01-14 15:15:59.000,2025-01-14 15:16:00.496,,,,1,MhLCbMNGdz,com.sec.android.app.shealth,,34-10025.autoPause.enable,
,tracker.exercise,,2025-01-14 15:15:59.000,2025-01-14 15:16:00.496,,,,1,MhLCbMNGdz,com.sec.android.app.shealth,,34-10026.autoPause.enable,
,tracker.exercise,,2025-01-14 15:15:59.000,2025-01-14 15:16:00.496,,,,1,MhLCbMNGdz,com.sec.android.app.shealth,,34-10027.autoPause.enable,
,tracker.exercise,,2025-01-14 15:15:59.000,2025-01-14 15:16:00.496,,,,1,MhLCbMNGdz,com.sec.android.app.shealth,,34-10028.autoPause.enable,
,tracker.exercise,,2025-01-14 15:15:59.000,2025-01-14 15:16:00.496,,,,1,MhLCbMNGdz,com.sec.android.app.shealth,,34-10029.autoPause.enable,
,tracker.exercise,,2025-01-14 15:15:59.000,2025-01-14 15:16:00.496,,,,1,MhLCbMNGdz,com.sec.android.app.shealth,,34-11001.autoPause.enable,
,tracker.exercise,,2025-01-14 15:15:59.000,2025-01-14 15:16:00.496,,,,1,MhLCbMNGdz,com.sec.android.app.shealth,,34-11002.autoPause.enable,
,tracker.exercise,,2025-01-14 15:15:59.000,2025-01-14 15:16:00.496,,,,1,MhLCbMNGdz,com.sec.android.app.shealth,,34-11004.autoPause.enable,
,tracker.exercise,,2025-01-14 15:15:59.000,2025-01-14 15:16:00.496,,,,1,MhLCbMNGdz,com.sec.android.app.shealth,,34-11005.autoPause.enable,
,tracker.exercise,,2025-01-14 15:15:59.000,2025-01-14 15:16:00.496,,,,1,MhLCbMNGdz,com.sec.android.app.shealth,,34-11007.autoPause.enable,
,tracker.exercise,,2025-01-14 15:15:59.000,2025-01-14 15:16:00.496,,,,1,MhLCbMNGdz,com.sec.android.app.shealth,,34-11008.autoPause.enable,
,tracker.exercise,,2025-01-14 15:15:59.000,2025-01-14 15:16:00.496,,,,1,MhLCbMNGdz,com.sec.android.app.shealth,,34-11009.autoPause.enable,
,tracker.exercise,,2025-01-14 15:15:59.000,2025-01-14 15:16:00.496,,,,1,MhLCbMNGdz,com.sec.android.app.shealth,,34-12001.autoPause.enable,
,tracker.exercise,,2025-01-14 15:15:59.000,2025-01-14 15:16:00.497,,,,0,MhLCbMNGdz,com.sec.android.app.shealth,,34-13001.autoPause.enable,
,tracker.exercise,,2025-01-14 15:15:59.000,2025-01-14 15:16:00.497,,,,1,MhLCbMNGdz,com.sec.android.app.shealth,,34-13002.autoPause.enable,
,tracker.exercise,,2025-01-14 15:15:59.000,2025-01-14 15:16:00.497,,,,1,MhLCbMNGdz,com.sec.android.app.shealth,,34-13003.autoPause.enable,
,tracker.exercise,,2025-01-14 15:15:59.000,2025-01-14 15:16:00.497,,,,1,MhLCbMNGdz,com.sec.android.app.shealth,,34-13004.autoPause.enable,
,tracker.exercise,,2025-01-14 15:15:59.000,2025-01-14 15:16:00.497,,,,1,MhLCbMNGdz,com.sec.android.app.shealth,,34-13005.autoPause.enable,
,tracker.exercise,,2025-01-14 15:15:59.000,2025-01-14 15:16:00.497,,,,1,MhLCbMNGdz,com.sec.android.app.shealth,,34-14001.autoPause.enable,
,tracker.exercise,,2025-01-14 15:15:59.000,2025-01-14 15:16:00.497,,,,1,MhLCbMNGdz,com.sec.android.app.shealth,,34-9014001.autoPause.enable,
,tracker.exercise,,2025-01-14 15:15:59.000,2025-01-14 15:16:00.497,,,,1,MhLCbMNGdz,com.sec.android.app.shealth,,34-14002.autoPause.enable,
,tracker.exercise,,2025-01-14 15:15:59.000,2025-01-14 15:16:00.497,,,,1,MhLCbMNGdz,com.sec.android.app.shealth,,34-14003.autoPause.enable,
,tracker.exercise,,2025-01-14 15:15:59.000,2025-01-14 15:16:00.497,,,,1,MhLCbMNGdz,com.sec.android.app.shealth,,34-14004.autoPause.enable,
,tracker.exercise,,2025-01-14 15:15:59.000,2025-01-14 15:16:00.497,,,,1,MhLCbMNGdz,com.sec.android.app.shealth,,34-14005.autoPause.enable,
,tracker.exercise,,2025-01-14 15:15:59.000,2025-01-14 15:16:00.497,,,,1,MhLCbMNGdz,com.sec.android.app.shealth,,34-14006.autoPause.enable,
,tracker.exercise,,2025-01-14 15:15:59.000,2025-01-14 15:16:00.497,,,,1,MhLCbMNGdz,com.sec.android.app.shealth,,34-14007.autoPause.enable,
,tracker.exercise,,2025-01-14 15:15:59.000,2025-01-14 15:16:00.497,,,,1,MhLCbMNGdz,com.sec.android.app.shealth,,34-14008.autoPause.enable,
,tracker.exercise,,2025-01-14 15:15:59.000,2025-01-14 15:16:00.497,,,,1,MhLCbMNGdz,com.sec.android.app.shealth,,34-14009.autoPause.enable,
,tracker.exercise,,2025-01-14 15:15:59.000,2025-01-14 15:16:00.497,,,,1,MhLCbMNGdz,com.sec.android.app.shealth,,34-14010.autoPause.enable,
,tracker.exercise,,2025-01-14 15:15:59.000,2025-01-14 15:16:00.497,,,,1,MhLCbMNGdz,com.sec.android.app.shealth,,34-14011.autoPause.enable,
,tracker.exercise,,2025-01-14 15:15:59.000,2025-01-14 15:16:00.497,,,,1,MhLCbMNGdz,com.sec.android.app.shealth,,34-14012.autoPause.enable,
,tracker.exercise,,2025-01-14 15:15:59.000,2025-01-14 15:16:00.497,,,,1,MhLCbMNGdz,com.sec.android.app.shealth,,34-14013.autoPause.enable,
,tracker.exercise,,2025-01-14 15:15:59.000,2025-01-14 15:16:00.498,,,,1,MhLCbMNGdz,com.sec.android.app.shealth,,34-15001.autoPause.enable,
,tracker.exercise,,2025-01-14 15:15:59.000,2025-01-14 15:16:00.498,,,,1,MhLCbMNGdz,com.sec.android.app.shealth,,34-15002.autoPause.enable,
,tracker.exercise,,2025-01-14 15:15:59.000,2025-01-14 15:16:00.498,,,,1,MhLCbMNGdz,com.sec.android.app.shealth,,34-15003.autoPause.enable,
,tracker.exercise,,2025-01-14 15:15:59.000,2025-01-14 15:16:00.498,,,,1,MhLCbMNGdz,com.sec.android.app.shealth,,34-15004.autoPause.enable,
,tracker.exercise,,2025-01-14 15:15:59.000,2025-01-14 15:16:00.499,,,,1,MhLCbMNGdz,com.sec.android.app.shealth,,34-15005.autoPause.enable,
,tracker.exercise,,2025-01-14 15:15:59.000,2025-01-14 15:16:00.499,,,,1,MhLCbMNGdz,com.sec.android.app.shealth,,34-15006.autoPause.enable,
,tracker.exercise,,2025-01-14 15:15:59.000,2025-01-14 15:16:00.499,,,,1,MhLCbMNGdz,com.sec.android.app.shealth,,34-16001.autoPause.enable,
,tracker.exercise,,2025-01-14 15:15:59.000,2025-01-14 15:16:00.499,,,,1,MhLCbMNGdz,com.sec.android.app.shealth,,34-16002.autoPause.enable,
,tracker.exercise,,2025-01-14 15:15:59.000,2025-01-14 15:16:00.499,,,,1,MhLCbMNGdz,com.sec.android.app.shealth,,34-16003.autoPause.enable,
,tracker.exercise,,2025-01-14 15:15:59.000,2025-01-14 15:16:00.499,,,,1,MhLCbMNGdz,com.sec.android.app.shealth,,34-16004.autoPause.enable,
,tracker.exercise,,2025-01-14 15:15:59.000,2025-01-14 15:16:00.499,,,,1,MhLCbMNGdz,com.sec.android.app.shealth,,34-16006.autoPause.enable,
,tracker.exercise,,2025-01-14 15:15:59.000,2025-01-14 15:16:00.499,,,,1,MhLCbMNGdz,com.sec.android.app.shealth,,34-16007.autoPause.enable,
,tracker.exercise,,2025-01-14 15:15:59.000,2025-01-14 15:16:00.499,,,,1,MhLCbMNGdz,com.sec.android.app.shealth,,34-16008.autoPause.enable,
,tracker.exercise,,2025-01-14 15:15:59.000,2025-01-14 15:16:00.499,,,,1,MhLCbMNGdz,com.sec.android.app.shealth,,34-16009.autoPause.enable,
,tracker.exercise,,2025-01-14 15:15:59.000,2025-01-14 15:16:00.499,,,,1,MhLCbMNGdz,com.sec.android.app.shealth,,34-00.autoPause.enable,
"{""distance"":1000.0,""duration"":1800000,""enable"":true,""lengths"":0,""type"":""distance""}",tracker.exercise,,2025-01-14 15:15:59.000,2025-01-14 15:16:00.499,,,,,MhLCbMNGdz,com.sec.android.app.shealth,,34-1001.guideFrequency,
"{""distance"":1000.0,""duration"":1800000,""enable"":true,""lengths"":0,""type"":""duration""}",tracker.exercise,,2025-01-14 15:15:59.000,2025-01-14 15:16:00.499,,,,,MhLCbMNGdz,com.sec.android.app.shealth,,34-9001002.guideFrequency,
"{""distance"":1000.0,""duration"":1800000,""enable"":true,""lengths"":0,""type"":""duration""}",tracker.exercise,,2025-01-14 15:15:59.000,2025-01-14 15:16:00.499,,,,,MhLCbMNGdz,com.sec.android.app.shealth,,34-1006.guideFrequency,
"{""distance"":1000.0,""duration"":1800000,""enable"":true,""lengths"":0,""type"":""duration""}",tracker.exercise,,2025-01-14 15:15:59.000,2025-01-14 15:16:00.499,,,,,MhLCbMNGdz,com.sec.android.app.shealth,,34-2001.guideFrequency,
"{""distance"":1000.0,""duration"":1800000,""enable"":true,""lengths"":0,""type"":""duration""}",tracker.exercise,,2025-01-14 15:15:59.000,2025-01-14 15:16:00.499,,,,,MhLCbMNGdz,com.sec.android.app.shealth,,34-2002.guideFrequency,
"{""distance"":1000.0,""duration"":1800000,""enable"":true,""lengths"":0,""type"":""duration""}",tracker.exercise,,2025-01-14 15:15:59.000,2025-01-14 15:16:00.499,,,,,MhLCbMNGdz,com.sec.android.app.shealth,,34-2003.guideFrequency,
"{""distance"":1000.0,""duration"":1800000,""enable"":true,""lengths"":0,""type"":""duration""}",tracker.exercise,,2025-01-14 15:15:59.000,2025-01-14 15:16:00.500,,,,,MhLCbMNGdz,com.sec.android.app.shealth,,34-3001.guideFrequency,
"{""distance"":1000.0,""duration"":1800000,""enable"":true,""lengths"":0,""type"":""duration""}",tracker.exercise,,2025-01-14 15:15:59.000,2025-01-14 15:16:00.500,,,,,MhLCbMNGdz,com.sec.android.app.shealth,,34-3003.guideFrequency,
"{""distance"":1000.0,""duration"":1800000,""enable"":true,""lengths"":0,""type"":""duration""}",tracker.exercise,,2025-01-14 15:15:59.000,2025-01-14 15:16:00.500,,,,,MhLCbMNGdz,com.sec.android.app.shealth,,34-4001.guideFrequency,
"{""distance"":1000.0,""duration"":1800000,""enable"":true,""lengths"":0,""type"":""duration""}",tracker.exercise,,2025-01-14 15:15:59.000,2025-01-14 15:16:00.500,,,,,MhLCbMNGdz,com.sec.android.app.shealth,,34-4002.guideFrequency,
"{""distance"":1000.0,""duration"":1800000,""enable"":true,""lengths"":0,""type"":""duration""}",tracker.exercise,,2025-01-14 15:15:59.000,2025-01-14 15:16:00.500,,,,,MhLCbMNGdz,com.sec.android.app.shealth,,34-4003.guideFrequency,
"{""distance"":1000.0,""duration"":1800000,""enable"":true,""lengths"":0,""type"":""duration""}",tracker.exercise,,2025-01-14 15:15:59.000,2025-01-14 15:16:00.500,,,,,MhLCbMNGdz,com.sec.android.app.shealth,,34-4004.guideFrequency,
"{""distance"":1000.0,""duration"":1800000,""enable"":true,""lengths"":0,""type"":""duration""}",tracker.exercise,,2025-01-14 15:15:59.000,2025-01-14 15:16:00.500,,,,,MhLCbMNGdz,com.sec.android.app.shealth,,34-4005.guideFrequency,
"{""distance"":1000.0,""duration"":1800000,""enable"":true,""lengths"":0,""type"":""duration""}",tracker.exercise,,2025-01-14 15:15:59.000,2025-01-14 15:16:00.500,,,,,MhLCbMNGdz,com.sec.android.app.shealth,,34-4006.guideFrequency,
"{""distance"":1000.0,""duration"":1800000,""enable"":true,""lengths"":0,""type"":""duration""}",tracker.exercise,,2025-01-14 15:15:59.000,2025-01-14 15:16:00.500,,,,,MhLCbMNGdz,com.sec.android.app.shealth,,34-5001.guideFrequency,
"{""distance"":1000.0,""duration"":1800000,""enable"":true,""lengths"":0,""type"":""duration""}",tracker.exercise,,2025-01-14 15:15:59.000,2025-01-14 15:16:00.500,,,,,MhLCbMNGdz,com.sec.android.app.shealth,,34-5002.guideFrequency,
"{""distance"":1000.0,""duration"":1800000,""enable"":true,""lengths"":0,""type"":""duration""}",tracker.exercise,,2025-01-14 15:15:59.000,2025-01-14 15:16:00.500,,,,,MhLCbMNGdz,com.sec.android.app.shealth,,34-6001.guideFrequency,
"{""distance"":1000.0,""duration"":1800000,""enable"":true,""lengths"":0,""type"":""duration""}",tracker.exercise,,2025-01-14 15:15:59.000,2025-01-14 15:16:00.501,,,,,MhLCbMNGdz,com.sec.android.app.shealth,,34-6002.guideFrequency,
"{""distance"":1000.0,""duration"":1800000,""enable"":true,""lengths"":0,""type"":""duration""}",tracker.exercise,,2025-01-14 15:15:59.000,2025-01-14 15:16:00.501,,,,,MhLCbMNGdz,com.sec.android.app.shealth,,34-6003.guideFrequency,
"{""distance"":1000.0,""duration"":1800000,""enable"":true,""lengths"":0,""type"":""duration""}",tracker.exercise,,2025-01-14 15:15:59.000,2025-01-14 15:16:00.501,,,,,MhLCbMNGdz,com.sec.android.app.shealth,,34-6004.guideFrequency,
"{""distance"":1000.0,""duration"":1800000,""enable"":true,""lengths"":0,""type"":""duration""}",tracker.exercise,,2025-01-14 15:15:59.000,2025-01-14 15:16:00.501,,,,,MhLCbMNGdz,com.sec.android.app.shealth,,34-6005.guideFrequency,
"{""distance"":1000.0,""duration"":1800000,""enable"":true,""lengths"":0,""type"":""duration""}",tracker.exercise,,2025-01-14 15:15:59.000,2025-01-14 15:16:00.501,,,,,MhLCbMNGdz,com.sec.android.app.shealth,,34-7002.guideFrequency,
"{""distance"":1000.0,""duration"":1800000,""enable"":true,""lengths"":0,""type"":""duration""}",tracker.exercise,,2025-01-14 15:15:59.000,2025-01-14 15:16:00.501,,,,,MhLCbMNGdz,com.sec.android.app.shealth,,34-7003.guideFrequency,
"{""distance"":1000.0,""duration"":1800000,""enable"":true,""lengths"":0,""type"":""duration""}",tracker.exercise,,2025-01-14 15:15:59.000,2025-01-14 15:16:00.501,,,,,MhLCbMNGdz,com.sec.android.app.shealth,,34-8001.guideFrequency,
"{""distance"":1000.0,""duration"":1800000,""enable"":true,""lengths"":0,""type"":""duration""}",tracker.exercise,,2025-01-14 15:15:59.000,2025-01-14 15:16:00.501,,,,,MhLCbMNGdz,com.sec.android.app.shealth,,34-8002.guideFrequency,
"{""distance"":1000.0,""duration"":1800000,""enable"":true,""lengths"":0,""type"":""duration""}",tracker.exercise,,2025-01-14 15:15:59.000,2025-01-14 15:16:00.501,,,,,MhLCbMNGdz,com.sec.android.app.shealth,,34-8003.guideFrequency,
"{""distance"":1000.0,""duration"":1800000,""enable"":true,""lengths"":0,""type"":""duration""}",tracker.exercise,,2025-01-14 15:15:59.000,2025-01-14 15:16:00.501,,,,,MhLCbMNGdz,com.sec.android.app.shealth,,34-9001.guideFrequency,
"{""distance"":1000.0,""duration"":1800000,""enable"":true,""lengths"":0,""type"":""duration""}",tracker.exercise,,2025-01-14 15:15:59.000,2025-01-14 15:16:00.501,,,,,MhLCbMNGdz,com.sec.android.app.shealth,,34-9002.guideFrequency,
"{""distance"":1000.0,""duration"":1800000,""enable"":true,""lengths"":0,""type"":""duration""}",tracker.exercise,,2025-01-14 15:15:59.000,2025-01-14 15:16:00.501,,,,,MhLCbMNGdz,com.sec.android.app.shealth,,34-10001.guideFrequency,
"{""distance"":1000.0,""duration"":1800000,""enable"":true,""lengths"":0,""type"":""duration""}",tracker.exercise,,2025-01-14 15:15:59.000,2025-01-14 15:16:00.501,,,,,MhLCbMNGdz,com.sec.android.app.shealth,,34-10002.guideFrequency,
"{""distance"":1000.0,""duration"":1800000,""enable"":true,""lengths"":0,""type"":""duration""}",tracker.exercise,,2025-01-14 15:15:59.000,2025-01-14 15:16:00.501,,,,,MhLCbMNGdz,com.sec.android.app.shealth,,34-10003.guideFrequency,
"{""distance"":1000.0,""duration"":1800000,""enable"":true,""lengths"":0,""type"":""duration""}",tracker.exercise,,2025-01-14 15:15:59.000,2025-01-14 15:16:00.501,,,,,MhLCbMNGdz,com.sec.android.app.shealth,,34-10004.guideFrequency,
"{""distance"":1000.0,""duration"":1800000,""enable"":true,""lengths"":0,""type"":""duration""}",tracker.exercise,,2025-01-14 15:15:59.000,2025-01-14 15:16:00.501,,,,,MhLCbMNGdz,com.sec.android.app.shealth,,34-10005.guideFrequency,
"{""distance"":1000.0,""duration"":1800000,""enable"":true,""lengths"":0,""type"":""duration""}",tracker.exercise,,2025-01-14 15:15:59.000,2025-01-14 15:16:00.502,,,,,MhLCbMNGdz,com.sec.android.app.shealth,,34-10006.guideFrequency,
"{""distance"":1000.0,""duration"":1800000,""enable"":true,""lengths"":0,""type"":""duration""}",tracker.exercise,,2025-01-14 15:15:59.000,2025-01-14 15:16:00.502,,,,,MhLCbMNGdz,com.sec.android.app.shealth,,34-10007.guideFrequency,
"{""distance"":1000.0,""duration"":1800000,""enable"":true,""lengths"":0,""type"":""duration""}",tracker.exercise,,2025-01-14 15:15:59.000,2025-01-14 15:16:00.502,,,,,MhLCbMNGdz,com.sec.android.app.shealth,,34-10008.guideFrequency,
"{""distance"":1000.0,""duration"":1800000,""enable"":true,""lengths"":0,""type"":""duration""}",tracker.exercise,,2025-01-14 15:15:59.000,2025-01-14 15:16:00.503,,,,,MhLCbMNGdz,com.sec.android.app.shealth,,34-10009.guideFrequency,
"{""distance"":1000.0,""duration"":1800000,""enable"":true,""lengths"":0,""type"":""duration""}",tracker.exercise,,2025-01-14 15:15:59.000,2025-01-14 15:16:00.503,,,,,MhLCbMNGdz,com.sec.android.app.shealth,,34-10010.guideFrequency,
"{""distance"":1000.0,""duration"":1800000,""enable"":true,""lengths"":0,""type"":""duration""}",tracker.exercise,,2025-01-14 15:15:59.000,2025-01-14 15:16:00.503,,,,,MhLCbMNGdz,com.sec.android.app.shealth,,34-10011.guideFrequency,
"{""distance"":1000.0,""duration"":1800000,""enable"":true,""lengths"":0,""type"":""duration""}",tracker.exercise,,2025-01-14 15:15:59.000,2025-01-14 15:16:00.504,,,,,MhLCbMNGdz,com.sec.android.app.shealth,,34-10012.guideFrequency,
"{""distance"":1000.0,""duration"":1800000,""enable"":true,""lengths"":0,""type"":""duration""}",tracker.exercise,,2025-01-14 15:15:59.000,2025-01-14 15:16:00.504,,,,,MhLCbMNGdz,com.sec.android.app.shealth,,34-10013.guideFrequency,
"{""distance"":1000.0,""duration"":1800000,""enable"":true,""lengths"":0,""type"":""duration""}",tracker.exercise,,2025-01-14 15:15:59.000,2025-01-14 15:16:00.504,,,,,MhLCbMNGdz,com.sec.android.app.shealth,,34-10014.guideFrequency,
"{""distance"":1000.0,""duration"":1800000,""enable"":true,""lengths"":0,""type"":""duration""}",tracker.exercise,,2025-01-14 15:15:59.000,2025-01-14 15:16:00.505,,,,,MhLCbMNGdz,com.sec.android.app.shealth,,34-10015.guideFrequency,
"{""distance"":1000.0,""duration"":1800000,""enable"":true,""lengths"":0,""type"":""duration""}",tracker.exercise,,2025-01-14 15:15:59.000,2025-01-14 15:16:00.506,,,,,MhLCbMNGdz,com.sec.android.app.shealth,,34-10016.guideFrequency,
"{""distance"":1000.0,""duration"":1800000,""enable"":true,""lengths"":0,""type"":""duration""}",tracker.exercise,,2025-01-14 15:15:59.000,2025-01-14 15:16:00.506,,,,,MhLCbMNGdz,com.sec.android.app.shealth,,34-10017.guideFrequency,
"{""distance"":1000.0,""duration"":1800000,""enable"":true,""lengths"":0,""type"":""duration""}",tracker.exercise,,2025-01-14 15:15:59.000,2025-01-14 15:16:00.506,,,,,MhLCbMNGdz,com.sec.android.app.shealth,,34-10018.guideFrequency,
"{""distance"":1000.0,""duration"":1800000,""enable"":true,""lengths"":0,""type"":""duration""}",tracker.exercise,,2025-01-14 15:15:59.000,2025-01-14 15:16:00.506,,,,,MhLCbMNGdz,com.sec.android.app.shealth,,34-10019.guideFrequency,
"{""distance"":1000.0,""duration"":1800000,""enable"":true,""lengths"":0,""type"":""duration""}",tracker.exercise,,2025-01-14 15:15:59.000,2025-01-14 15:16:00.506,,,,,MhLCbMNGdz,com.sec.android.app.shealth,,34-10020.guideFrequency,
"{""distance"":1000.0,""duration"":1800000,""enable"":true,""lengths"":0,""type"":""duration""}",tracker.exercise,,2025-01-14 15:15:59.000,2025-01-14 15:16:00.506,,,,,MhLCbMNGdz,com.sec.android.app.shealth,,34-10021.guideFrequency,
"{""distance"":1000.0,""duration"":1800000,""enable"":true,""lengths"":0,""type"":""duration""}",tracker.exercise,,2025-01-14 15:15:59.000,2025-01-14 15:16:00.506,,,,,MhLCbMNGdz,com.sec.android.app.shealth,,34-10022.guideFrequency,
"{""distance"":1000.0,""duration"":1800000,""enable"":true,""lengths"":0,""type"":""duration""}",tracker.exercise,,2025-01-14 15:15:59.000,2025-01-14 15:16:00.506,,,,,MhLCbMNGdz,com.sec.android.app.shealth,,34-10023.guideFrequency,
"{""distance"":1000.0,""duration"":1800000,""enable"":true,""lengths"":0,""type"":""duration""}",tracker.exercise,,2025-01-14 15:15:59.000,2025-01-14 15:16:00.506,,,,,MhLCbMNGdz,com.sec.android.app.shealth,,34-10024.guideFrequency,
"{""distance"":1000.0,""duration"":1800000,""enable"":true,""lengths"":0,""type"":""duration""}",tracker.exercise,,2025-01-14 15:15:59.000,2025-01-14 15:16:00.506,,,,,MhLCbMNGdz,com.sec.android.app.shealth,,34-10025.guideFrequency,
"{""distance"":1000.0,""duration"":1800000,""enable"":true,""lengths"":0,""type"":""duration""}",tracker.exercise,,2025-01-14 15:15:59.000,2025-01-14 15:16:00.506,,,,,MhLCbMNGdz,com.sec.android.app.shealth,,34-10026.guideFrequency,
"{""distance"":1000.0,""duration"":1800000,""enable"":true,""lengths"":0,""type"":""duration""}",tracker.exercise,,2025-01-14 15:15:59.000,2025-01-14 15:16:00.507,,,,,MhLCbMNGdz,com.sec.android.app.shealth,,34-10027.guideFrequency,
"{""distance"":1000.0,""duration"":1800000,""enable"":true,""lengths"":0,""type"":""duration""}",tracker.exercise,,2025-01-14 15:15:59.000,2025-01-14 15:16:00.507,,,,,MhLCbMNGdz,com.sec.android.app.shealth,,34-10028.guideFrequency,
"{""distance"":1000.0,""duration"":1800000,""enable"":true,""lengths"":0,""type"":""duration""}",tracker.exercise,,2025-01-14 15:15:59.000,2025-01-14 15:16:00.507,,,,,MhLCbMNGdz,com.sec.android.app.shealth,,34-10029.guideFrequency,
"{""distance"":1000.0,""duration"":1800000,""enable"":true,""lengths"":0,""type"":""duration""}",tracker.exercise,,2025-01-14 15:15:59.000,2025-01-14 15:16:00.507,,,,,MhLCbMNGdz,com.sec.android.app.shealth,,34-11001.guideFrequency,
"{""distance"":1000.0,""duration"":1800000,""enable"":true,""lengths"":0,""type"":""duration""}",tracker.exercise,,2025-01-14 15:15:59.000,2025-01-14 15:16:00.507,,,,,MhLCbMNGdz,com.sec.android.app.shealth,,34-11002.guideFrequency,
"{""distance"":1000.0,""duration"":1800000,""enable"":true,""lengths"":0,""type"":""duration""}",tracker.exercise,,2025-01-14 15:15:59.000,2025-01-14 15:16:00.507,,,,,MhLCbMNGdz,com.sec.android.app.shealth,,34-11004.guideFrequency,
"{""distance"":1000.0,""duration"":1800000,""enable"":true,""lengths"":0,""type"":""duration""}",tracker.exercise,,2025-01-14 15:15:59.000,2025-01-14 15:16:00.507,,,,,MhLCbMNGdz,com.sec.android.app.shealth,,34-11005.guideFrequency,
"{""distance"":1000.0,""duration"":1800000,""enable"":true,""lengths"":0,""type"":""duration""}",tracker.exercise,,2025-01-14 15:15:59.000,2025-01-14 15:16:00.507,,,,,MhLCbMNGdz,com.sec.android.app.shealth,,34-11008.guideFrequency,
"{""distance"":1000.0,""duration"":1800000,""enable"":true,""lengths"":0,""type"":""duration""}",tracker.exercise,,2025-01-14 15:15:59.000,2025-01-14 15:16:00.507,,,,,MhLCbMNGdz,com.sec.android.app.shealth,,34-11009.guideFrequency,
"{""distance"":1000.0,""duration"":1800000,""enable"":true,""lengths"":0,""type"":""duration""}",tracker.exercise,,2025-01-14 15:15:59.000,2025-01-14 15:16:00.507,,,,,MhLCbMNGdz,com.sec.android.app.shealth,,34-12001.guideFrequency,
"{""distance"":1000.0,""duration"":1800000,""enable"":true,""lengths"":0,""type"":""distance""}",tracker.exercise,,2025-01-14 15:15:59.000,2025-01-14 15:16:00.507,,,,,MhLCbMNGdz,com.sec.android.app.shealth,,34-13001.guideFrequency,
"{""distance"":1000.0,""duration"":1800000,""enable"":true,""lengths"":0,""type"":""duration""}",tracker.exercise,,2025-01-14 15:15:59.000,2025-01-14 15:16:00.507,,,,,MhLCbMNGdz,com.sec.android.app.shealth,,34-13002.guideFrequency,
"{""distance"":1000.0,""duration"":1800000,""enable"":true,""lengths"":0,""type"":""duration""}",tracker.exercise,,2025-01-14 15:15:59.000,2025-01-14 15:16:00.507,,,,,MhLCbMNGdz,com.sec.android.app.shealth,,34-13003.guideFrequency,
"{""distance"":1000.0,""duration"":1800000,""enable"":true,""lengths"":0,""type"":""duration""}",tracker.exercise,,2025-01-14 15:15:59.000,2025-01-14 15:16:00.507,,,,,MhLCbMNGdz,com.sec.android.app.shealth,,34-13004.guideFrequency,
"{""distance"":1000.0,""duration"":1800000,""enable"":true,""lengths"":0,""type"":""duration""}",tracker.exercise,,2025-01-14 15:15:59.000,2025-01-14 15:16:00.507,,,,,MhLCbMNGdz,com.sec.android.app.shealth,,34-13005.guideFrequency,
"{""distance"":1000.0,""duration"":1800000,""enable"":true,""lengths"":0,""type"":""duration""}",tracker.exercise,,2025-01-14 15:15:59.000,2025-01-14 15:16:00.507,,,,,MhLCbMNGdz,com.sec.android.app.shealth,,34-14001.guideFrequency,
"{""distance"":1000.0,""duration"":1800000,""enable"":true,""lengths"":0,""type"":""distance""}",tracker.exercise,,2025-01-14 15:15:59.000,2025-01-14 15:16:00.507,,,,,MhLCbMNGdz,com.sec.android.app.shealth,,34-9014001.guideFrequency,
"{""distance"":1000.0,""duration"":1800000,""enable"":true,""lengths"":0,""type"":""duration""}",tracker.exercise,,2025-01-14 15:15:59.000,2025-01-14 15:16:00.507,,,,,MhLCbMNGdz,com.sec.android.app.shealth,,34-14002.guideFrequency,
"{""distance"":1000.0,""duration"":1800000,""enable"":true,""lengths"":0,""type"":""duration""}",tracker.exercise,,2025-01-14 15:15:59.000,2025-01-14 15:16:00.507,,,,,MhLCbMNGdz,com.sec.android.app.shealth,,34-14003.guideFrequency,
"{""distance"":1000.0,""duration"":1800000,""enable"":true,""lengths"":0,""type"":""duration""}",tracker.exercise,,2025-01-14 15:15:59.000,2025-01-14 15:16:00.507,,,,,MhLCbMNGdz,com.sec.android.app.shealth,,34-14004.guideFrequency,
"{""distance"":1000.0,""duration"":1800000,""enable"":true,""lengths"":0,""type"":""duration""}",tracker.exercise,,2025-01-14 15:15:59.000,2025-01-14 15:16:00.507,,,,,MhLCbMNGdz,com.sec.android.app.shealth,,34-14005.guideFrequency,
"{""distance"":1000.0,""duration"":1800000,""enable"":true,""lengths"":0,""type"":""duration""}",tracker.exercise,,2025-01-14 15:15:59.000,2025-01-14 15:16:00.508,,,,,MhLCbMNGdz,com.sec.android.app.shealth,,34-14006.guideFrequency,
"{""distance"":1000.0,""duration"":1800000,""enable"":true,""lengths"":0,""type"":""duration""}",tracker.exercise,,2025-01-14 15:15:59.000,2025-01-14 15:16:00.508,,,,,MhLCbMNGdz,com.sec.android.app.shealth,,34-14007.guideFrequency,
"{""distance"":1000.0,""duration"":1800000,""enable"":true,""lengths"":0,""type"":""duration""}",tracker.exercise,,2025-01-14 15:15:59.000,2025-01-14 15:16:00.508,,,,,MhLCbMNGdz,com.sec.android.app.shealth,,34-14008.guideFrequency,
"{""distance"":1000.0,""duration"":1800000,""enable"":true,""lengths"":0,""type"":""duration""}",tracker.exercise,,2025-01-14 15:15:59.000,2025-01-14 15:16:00.508,,,,,MhLCbMNGdz,com.sec.android.app.shealth,,34-14009.guideFrequency,
"{""distance"":1000.0,""duration"":1800000,""enable"":true,""lengths"":0,""type"":""duration""}",tracker.exercise,,2025-01-14 15:15:59.000,2025-01-14 15:16:00.508,,,,,MhLCbMNGdz,com.sec.android.app.shealth,,34-14010.guideFrequency,
"{""distance"":1000.0,""duration"":1800000,""enable"":true,""lengths"":0,""type"":""duration""}",tracker.exercise,,2025-01-14 15:15:59.000,2025-01-14 15:16:00.508,,,,,MhLCbMNGdz,com.sec.android.app.shealth,,34-14011.guideFrequency,
"{""distance"":1000.0,""duration"":1800000,""enable"":true,""lengths"":0,""type"":""duration""}",tracker.exercise,,2025-01-14 15:15:59.000,2025-01-14 15:16:00.508,,,,,MhLCbMNGdz,com.sec.android.app.shealth,,34-14012.guideFrequency,
"{""distance"":1000.0,""duration"":1800000,""enable"":true,""lengths"":0,""type"":""duration""}",tracker.exercise,,2025-01-14 15:15:59.000,2025-01-14 15:16:00.508,,,,,MhLCbMNGdz,com.sec.android.app.shealth,,34-14013.guideFrequency,
"{""distance"":1000.0,""duration"":1800000,""enable"":true,""lengths"":0,""type"":""duration""}",tracker.exercise,,2025-01-14 15:15:59.000,2025-01-14 15:16:00.508,,,,,MhLCbMNGdz,com.sec.android.app.shealth,,34-15001.guideFrequency,
"{""distance"":1000.0,""duration"":1800000,""enable"":true,""lengths"":0,""type"":""duration""}",tracker.exercise,,2025-01-14 15:15:59.000,2025-01-14 15:16:00.508,,,,,MhLCbMNGdz,com.sec.android.app.shealth,,34-15002.guideFrequency,
"{""distance"":1000.0,""duration"":1800000,""enable"":true,""lengths"":0,""type"":""duration""}",tracker.exercise,,2025-01-14 15:15:59.000,2025-01-14 15:16:00.508,,,,,MhLCbMNGdz,com.sec.android.app.shealth,,34-15003.guideFrequency,
"{""distance"":1000.0,""duration"":1800000,""enable"":true,""lengths"":0,""type"":""duration""}",tracker.exercise,,2025-01-14 15:15:59.000,2025-01-14 15:16:00.508,,,,,MhLCbMNGdz,com.sec.android.app.shealth,,34-15004.guideFrequency,
"{""distance"":1000.0,""duration"":1800000,""enable"":true,""lengths"":0,""type"":""duration""}",tracker.exercise,,2025-01-14 15:15:59.000,2025-01-14 15:16:00.508,,,,,MhLCbMNGdz,com.sec.android.app.shealth,,34-15005.guideFrequency,
"{""distance"":1000.0,""duration"":1800000,""enable"":true,""lengths"":0,""type"":""duration""}",tracker.exercise,,2025-01-14 15:15:59.000,2025-01-14 15:16:00.508,,,,,MhLCbMNGdz,com.sec.android.app.shealth,,34-15006.guideFrequency,
"{""distance"":1000.0,""duration"":1800000,""enable"":true,""lengths"":0,""type"":""duration""}",tracker.exercise,,2025-01-14 15:15:59.000,2025-01-14 15:16:00.508,,,,,MhLCbMNGdz,com.sec.android.app.shealth,,34-16001.guideFrequency,
"{""distance"":1000.0,""duration"":1800000,""enable"":true,""lengths"":0,""type"":""duration""}",tracker.exercise,,2025-01-14 15:15:59.000,2025-01-14 15:16:00.508,,,,,MhLCbMNGdz,com.sec.android.app.shealth,,34-16002.guideFrequency,
"{""distance"":1000.0,""duration"":1800000,""enable"":true,""lengths"":0,""type"":""duration""}",tracker.exercise,,2025-01-14 15:15:59.000,2025-01-14 15:16:00.508,,,,,MhLCbMNGdz,com.sec.android.app.shealth,,34-16003.guideFrequency,
"{""distance"":1000.0,""duration"":1800000,""enable"":true,""lengths"":0,""type"":""duration""}",tracker.exercise,,2025-01-14 15:15:59.000,2025-01-14 15:16:00.508,,,,,MhLCbMNGdz,com.sec.android.app.shealth,,34-16004.guideFrequency,
"{""distance"":1000.0,""duration"":1800000,""enable"":true,""lengths"":0,""type"":""duration""}",tracker.exercise,,2025-01-14 15:15:59.000,2025-01-14 15:16:00.508,,,,,MhLCbMNGdz,com.sec.android.app.shealth,,34-16006.guideFrequency,
"{""distance"":1000.0,""duration"":1800000,""enable"":true,""lengths"":0,""type"":""duration""}",tracker.exercise,,2025-01-14 15:15:59.000,2025-01-14 15:16:00.508,,,,,MhLCbMNGdz,com.sec.android.app.shealth,,34-16007.guideFrequency,
"{""distance"":1000.0,""duration"":1800000,""enable"":true,""lengths"":0,""type"":""duration""}",tracker.exercise,,2025-01-14 15:15:59.000,2025-01-14 15:16:00.508,,,,,MhLCbMNGdz,com.sec.android.app.shealth,,34-16008.guideFrequency,
"{""distance"":1000.0,""duration"":1800000,""enable"":true,""lengths"":0,""type"":""duration""}",tracker.exercise,,2025-01-14 15:15:59.000,2025-01-14 15:16:00.509,,,,,MhLCbMNGdz,com.sec.android.app.shealth,,34-16009.guideFrequency,
"{""distance"":1000.0,""duration"":1800000,""enable"":true,""lengths"":0,""type"":""duration""}",tracker.exercise,,2025-01-14 15:15:59.000,2025-01-14 15:16:00.509,,,,,MhLCbMNGdz,com.sec.android.app.shealth,,34-00.guideFrequency,
"{""distance"":1000.0,""duration"":600000,""enable"":true,""type"":""distance""}",tracker.exercise,,2025-01-14 15:15:59.000,2025-01-14 15:16:00.509,,,,,MhLCbMNGdz,com.sec.android.app.shealth,,34-1002.autoLap,
"{""distance"":1000.0,""duration"":600000,""enable"":true,""type"":""distance""}",tracker.exercise,,2025-01-14 15:15:59.000,2025-01-14 15:16:00.509,,,,,MhLCbMNGdz,com.sec.android.app.shealth,,34-1007.autoLap,
"{""distance"":1000.0,""duration"":600000,""enable"":true,""type"":""distance""}",tracker.exercise,,2025-01-14 15:15:59.000,2025-01-14 15:16:00.509,,,,,MhLCbMNGdz,com.sec.android.app.shealth,,34-11007.autoLap,
,tracker.exercise,,2025-01-14 15:15:59.000,2025-01-14 15:16:00.509,,,,1,MhLCbMNGdz,com.sec.android.app.shealth,,34-1001.pauseWhenTargetReach,
,tracker.exercise,,2025-01-14 15:15:59.000,2025-01-14 15:16:00.509,,,,1,MhLCbMNGdz,com.sec.android.app.shealth,,34-1002.pauseWhenTargetReach,
,tracker.exercise,,2025-01-14 15:15:59.000,2025-01-14 15:16:00.509,,,,1,MhLCbMNGdz,com.sec.android.app.shealth,,34-9001002.pauseWhenTargetReach,
,tracker.exercise,,2025-01-14 15:15:59.000,2025-01-14 15:16:00.509,,,,1,MhLCbMNGdz,com.sec.android.app.shealth,,34-1006.pauseWhenTargetReach,
,tracker.exercise,,2025-01-14 15:15:59.000,2025-01-14 15:16:00.509,,,,1,MhLCbMNGdz,com.sec.android.app.shealth,,34-1007.pauseWhenTargetReach,
,tracker.exercise,,2025-01-14 15:15:59.000,2025-01-14 15:16:00.509,,,,1,MhLCbMNGdz,com.sec.android.app.shealth,,34-2001.pauseWhenTargetReach,
,tracker.exercise,,2025-01-14 15:15:59.000,2025-01-14 15:16:00.509,,,,1,MhLCbMNGdz,com.sec.android.app.shealth,,34-2002.pauseWhenTargetReach,
,tracker.exercise,,2025-01-14 15:15:59.000,2025-01-14 15:16:00.509,,,,1,MhLCbMNGdz,com.sec.android.app.shealth,,34-2003.pauseWhenTargetReach,
,tracker.exercise,,2025-01-14 15:15:59.000,2025-01-14 15:16:00.509,,,,1,MhLCbMNGdz,com.sec.android.app.shealth,,34-3001.pauseWhenTargetReach,
,tracker.exercise,,2025-01-14 15:15:59.000,2025-01-14 15:16:00.509,,,,1,MhLCbMNGdz,com.sec.android.app.shealth,,34-3003.pauseWhenTargetReach,
,tracker.exercise,,2025-01-14 15:15:59.000,2025-01-14 15:16:00.509,,,,1,MhLCbMNGdz,com.sec.android.app.shealth,,34-4001.pauseWhenTargetReach,
,tracker.exercise,,2025-01-14 15:15:59.000,2025-01-14 15:16:00.509,,,,1,MhLCbMNGdz,com.sec.android.app.shealth,,34-4002.pauseWhenTargetReach,
,tracker.exercise,,2025-01-14 15:15:59.000,2025-01-14 15:16:00.509,,,,1,MhLCbMNGdz,com.sec.android.app.shealth,,34-4003.pauseWhenTargetReach,
,tracker.exercise,,2025-01-14 15:15:59.000,2025-01-14 15:16:00.510,,,,1,MhLCbMNGdz,com.sec.android.app.shealth,,34-4004.pauseWhenTargetReach,
,tracker.exercise,,2025-01-14 15:15:59.000,2025-01-14 15:16:00.510,,,,1,MhLCbMNGdz,com.sec.android.app.shealth,,34-4005.pauseWhenTargetReach,
,tracker.exercise,,2025-01-14 15:15:59.000,2025-01-14 15:16:00.510,,,,1,MhLCbMNGdz,com.sec.android.app.shealth,,34-4006.pauseWhenTargetReach,
,tracker.exercise,,2025-01-14 15:15:59.000,2025-01-14 15:16:00.510,,,,1,MhLCbMNGdz,com.sec.android.app.shealth,,34-5001.pauseWhenTargetReach,
,tracker.exercise,,2025-01-14 15:15:59.000,2025-01-14 15:16:00.510,,,,1,MhLCbMNGdz,com.sec.android.app.shealth,,34-5002.pauseWhenTargetReach,
,tracker.exercise,,2025-01-14 15:15:59.000,2025-01-14 15:16:00.510,,,,1,MhLCbMNGdz,com.sec.android.app.shealth,,34-6001.pauseWhenTargetReach,
,tracker.exercise,,2025-01-14 15:15:59.000,2025-01-14 15:16:00.510,,,,1,MhLCbMNGdz,com.sec.android.app.shealth,,34-6002.pauseWhenTargetReach,
,tracker.exercise,,2025-01-14 15:15:59.000,2025-01-14 15:16:00.510,,,,1,MhLCbMNGdz,com.sec.android.app.shealth,,34-6003.pauseWhenTargetReach,
,tracker.exercise,,2025-01-14 15:15:59.000,2025-01-14 15:16:00.510,,,,1,MhLCbMNGdz,com.sec.android.app.shealth,,34-6004.pauseWhenTargetReach,
,tracker.exercise,,2025-01-14 15:15:59.000,2025-01-14 15:16:00.510,,,,1,MhLCbMNGdz,com.sec.android.app.shealth,,34-6005.pauseWhenTargetReach,
,tracker.exercise,,2025-01-14 15:15:59.000,2025-01-14 15:16:00.510,,,,1,MhLCbMNGdz,com.sec.android.app.shealth,,34-7002.pauseWhenTargetReach,
,tracker.exercise,,2025-01-14 15:15:59.000,2025-01-14 15:16:00.510,,,,1,MhLCbMNGdz,com.sec.android.app.shealth,,34-7003.pauseWhenTargetReach,
,tracker.exercise,,2025-01-14 15:15:59.000,2025-01-14 15:16:00.510,,,,1,MhLCbMNGdz,com.sec.android.app.shealth,,34-8001.pauseWhenTargetReach,
,tracker.exercise,,2025-01-14 15:15:59.000,2025-01-14 15:16:00.510,,,,1,MhLCbMNGdz,com.sec.android.app.shealth,,34-8002.pauseWhenTargetReach,
,tracker.exercise,,2025-01-14 15:15:59.000,2025-01-14 15:16:00.510,,,,1,MhLCbMNGdz,com.sec.android.app.shealth,,34-8003.pauseWhenTargetReach,
,tracker.exercise,,2025-01-14 15:15:59.000,2025-01-14 15:16:00.510,,,,1,MhLCbMNGdz,com.sec.android.app.shealth,,34-9001.pauseWhenTargetReach,
,tracker.exercise,,2025-01-14 15:15:59.000,2025-01-14 15:16:00.510,,,,1,MhLCbMNGdz,com.sec.android.app.shealth,,34-9002.pauseWhenTargetReach,
,tracker.exercise,,2025-01-14 15:15:59.000,2025-01-14 15:16:00.510,,,,1,MhLCbMNGdz,com.sec.android.app.shealth,,34-10001.pauseWhenTargetReach,
,tracker.exercise,,2025-01-14 15:15:59.000,2025-01-14 15:16:00.510,,,,1,MhLCbMNGdz,com.sec.android.app.shealth,,34-10002.pauseWhenTargetReach,
,tracker.exercise,,2025-01-14 15:15:59.000,2025-01-14 15:16:00.510,,,,1,MhLCbMNGdz,com.sec.android.app.shealth,,34-10003.pauseWhenTargetReach,
,tracker.exercise,,2025-01-14 15:15:59.000,2025-01-14 15:16:00.510,,,,1,MhLCbMNGdz,com.sec.android.app.shealth,,34-10004.pauseWhenTargetReach,
,tracker.exercise,,2025-01-14 15:15:59.000,2025-01-14 15:16:00.511,,,,1,MhLCbMNGdz,com.sec.android.app.shealth,,34-10005.pauseWhenTargetReach,
,tracker.exercise,,2025-01-14 15:15:59.000,2025-01-14 15:16:00.511,,,,1,MhLCbMNGdz,com.sec.android.app.shealth,,34-10006.pauseWhenTargetReach,
,tracker.exercise,,2025-01-14 15:15:59.000,2025-01-14 15:16:00.511,,,,1,MhLCbMNGdz,com.sec.android.app.shealth,,34-10007.pauseWhenTargetReach,
,tracker.exercise,,2025-01-14 15:15:59.000,2025-01-14 15:16:00.511,,,,1,MhLCbMNGdz,com.sec.android.app.shealth,,34-10008.pauseWhenTargetReach,
,tracker.exercise,,2025-01-14 15:15:59.000,2025-01-14 15:16:00.511,,,,1,MhLCbMNGdz,com.sec.android.app.shealth,,34-10009.pauseWhenTargetReach,
,tracker.exercise,,2025-01-14 15:15:59.000,2025-01-14 15:16:00.511,,,,1,MhLCbMNGdz,com.sec.android.app.shealth,,34-10010.pauseWhenTargetReach,
,tracker.exercise,,2025-01-14 15:15:59.000,2025-01-14 15:16:00.511,,,,1,MhLCbMNGdz,com.sec.android.app.shealth,,34-10011.pauseWhenTargetReach,
,tracker.exercise,,2025-01-14 15:15:59.000,2025-01-14 15:16:00.511,,,,1,MhLCbMNGdz,com.sec.android.app.shealth,,34-10012.pauseWhenTargetReach,
,tracker.exercise,,2025-01-14 15:15:59.000,2025-01-14 15:16:00.511,,,,1,MhLCbMNGdz,com.sec.android.app.shealth,,34-10013.pauseWhenTargetReach,
,tracker.exercise,,2025-01-14 15:15:59.000,2025-01-14 15:16:00.511,,,,1,MhLCbMNGdz,com.sec.android.app.shealth,,34-10014.pauseWhenTargetReach,
,tracker.exercise,,2025-01-14 15:15:59.000,2025-01-14 15:16:00.511,,,,1,MhLCbMNGdz,com.sec.android.app.shealth,,34-10015.pauseWhenTargetReach,
,tracker.exercise,,2025-01-14 15:15:59.000,2025-01-14 15:16:00.511,,,,1,MhLCbMNGdz,com.sec.android.app.shealth,,34-10016.pauseWhenTargetReach,
,tracker.exercise,,2025-01-14 15:15:59.000,2025-01-14 15:16:00.511,,,,1,MhLCbMNGdz,com.sec.android.app.shealth,,34-10017.pauseWhenTargetReach,
,tracker.exercise,,2025-01-14 15:15:59.000,2025-01-14 15:16:00.511,,,,1,MhLCbMNGdz,com.sec.android.app.shealth,,34-10018.pauseWhenTargetReach,
,tracker.exercise,,2025-01-14 15:15:59.000,2025-01-14 15:16:00.511,,,,1,MhLCbMNGdz,com.sec.android.app.shealth,,34-10019.pauseWhenTargetReach,
,tracker.exercise,,2025-01-14 15:15:59.000,2025-01-14 15:16:00.511,,,,1,MhLCbMNGdz,com.sec.android.app.shealth,,34-10020.pauseWhenTargetReach,
,tracker.exercise,,2025-01-14 15:15:59.000,2025-01-14 15:16:00.511,,,,1,MhLCbMNGdz,com.sec.android.app.shealth,,34-10021.pauseWhenTargetReach,
,tracker.exercise,,2025-01-14 15:15:59.000,2025-01-14 15:16:00.511,,,,1,MhLCbMNGdz,com.sec.android.app.shealth,,34-10022.pauseWhenTargetReach,
,tracker.exercise,,2025-01-14 15:15:59.000,2025-01-14 15:16:00.511,,,,1,MhLCbMNGdz,com.sec.android.app.shealth,,34-10023.pauseWhenTargetReach,
,tracker.exercise,,2025-01-14 15:15:59.000,2025-01-14 15:16:00.511,,,,1,MhLCbMNGdz,com.sec.android.app.shealth,,34-10024.pauseWhenTargetReach,
,tracker.exercise,,2025-01-14 15:15:59.000,2025-01-14 15:16:00.511,,,,1,MhLCbMNGdz,com.sec.android.app.shealth,,34-10025.pauseWhenTargetReach,
,tracker.exercise,,2025-01-14 15:15:59.000,2025-01-14 15:16:00.511,,,,1,MhLCbMNGdz,com.sec.android.app.shealth,,34-10026.pauseWhenTargetReach,
,tracker.exercise,,2025-01-14 15:15:59.000,2025-01-14 15:16:00.511,,,,1,MhLCbMNGdz,com.sec.android.app.shealth,,34-10027.pauseWhenTargetReach,
,tracker.exercise,,2025-01-14 15:15:59.000,2025-01-14 15:16:00.512,,,,1,MhLCbMNGdz,com.sec.android.app.shealth,,34-10028.pauseWhenTargetReach,
,tracker.exercise,,2025-01-14 15:15:59.000,2025-01-14 15:16:00.512,,,,1,MhLCbMNGdz,com.sec.android.app.shealth,,34-10029.pauseWhenTargetReach,
,tracker.exercise,,2025-01-14 15:15:59.000,2025-01-14 15:16:00.512,,,,1,MhLCbMNGdz,com.sec.android.app.shealth,,34-11001.pauseWhenTargetReach,
,tracker.exercise,,2025-01-14 15:15:59.000,2025-01-14 15:16:00.512,,,,1,MhLCbMNGdz,com.sec.android.app.shealth,,34-11002.pauseWhenTargetReach,
,tracker.exercise,,2025-01-14 15:15:59.000,2025-01-14 15:16:00.512,,,,1,MhLCbMNGdz,com.sec.android.app.shealth,,34-11004.pauseWhenTargetReach,
,tracker.exercise,,2025-01-14 15:15:59.000,2025-01-14 15:16:00.512,,,,1,MhLCbMNGdz,com.sec.android.app.shealth,,34-11005.pauseWhenTargetReach,
,tracker.exercise,,2025-01-14 15:15:59.000,2025-01-14 15:16:00.512,,,,1,MhLCbMNGdz,com.sec.android.app.shealth,,34-11007.pauseWhenTargetReach,
,tracker.exercise,,2025-01-14 15:15:59.000,2025-01-14 15:16:00.512,,,,1,MhLCbMNGdz,com.sec.android.app.shealth,,34-11008.pauseWhenTargetReach,
,tracker.exercise,,2025-01-14 15:15:59.000,2025-01-14 15:16:00.512,,,,1,MhLCbMNGdz,com.sec.android.app.shealth,,34-11009.pauseWhenTargetReach,
,tracker.exercise,,2025-01-14 15:15:59.000,2025-01-14 15:16:00.512,,,,1,MhLCbMNGdz,com.sec.android.app.shealth,,34-12001.pauseWhenTargetReach,
,tracker.exercise,,2025-01-14 15:15:59.000,2025-01-14 15:16:00.512,,,,1,MhLCbMNGdz,com.sec.android.app.shealth,,34-13001.pauseWhenTargetReach,
,tracker.exercise,,2025-01-14 15:15:59.000,2025-01-14 15:16:00.512,,,,1,MhLCbMNGdz,com.sec.android.app.shealth,,34-13002.pauseWhenTargetReach,
,tracker.exercise,,2025-01-14 15:15:59.000,2025-01-14 15:16:00.512,,,,1,MhLCbMNGdz,com.sec.android.app.shealth,,34-13003.pauseWhenTargetReach,
,tracker.exercise,,2025-01-14 15:15:59.000,2025-01-14 15:16:00.512,,,,1,MhLCbMNGdz,com.sec.android.app.shealth,,34-13004.pauseWhenTargetReach,
,tracker.exercise,,2025-01-14 15:15:59.000,2025-01-14 15:16:00.512,,,,1,MhLCbMNGdz,com.sec.android.app.shealth,,34-13005.pauseWhenTargetReach,
,tracker.exercise,,2025-01-14 15:15:59.000,2025-01-14 15:16:00.512,,,,1,MhLCbMNGdz,com.sec.android.app.shealth,,34-14001.pauseWhenTargetReach,
,tracker.exercise,,2025-01-14 15:15:59.000,2025-01-14 15:16:00.512,,,,1,MhLCbMNGdz,com.sec.android.app.shealth,,34-9014001.pauseWhenTargetReach,
,tracker.exercise,,2025-01-14 15:15:59.000,2025-01-14 15:16:00.512,,,,1,MhLCbMNGdz,com.sec.android.app.shealth,,34-14002.pauseWhenTargetReach,
,tracker.exercise,,2025-01-14 15:15:59.000,2025-01-14 15:16:00.512,,,,1,MhLCbMNGdz,com.sec.android.app.shealth,,34-14003.pauseWhenTargetReach,
,tracker.exercise,,2025-01-14 15:15:59.000,2025-01-14 15:16:00.512,,,,1,MhLCbMNGdz,com.sec.android.app.shealth,,34-14004.pauseWhenTargetReach,
,tracker.exercise,,2025-01-14 15:15:59.000,2025-01-14 15:16:00.512,,,,1,MhLCbMNGdz,com.sec.android.app.shealth,,34-14005.pauseWhenTargetReach,
,tracker.exercise,,2025-01-14 15:15:59.000,2025-01-14 15:16:00.513,,,,1,MhLCbMNGdz,com.sec.android.app.shealth,,34-14006.pauseWhenTargetReach,
,tracker.exercise,,2025-01-14 15:15:59.000,2025-01-14 15:16:00.513,,,,1,MhLCbMNGdz,com.sec.android.app.shealth,,34-14007.pauseWhenTargetReach,
,tracker.exercise,,2025-01-14 15:15:59.000,2025-01-14 15:16:00.513,,,,1,MhLCbMNGdz,com.sec.android.app.shealth,,34-14008.pauseWhenTargetReach,
,tracker.exercise,,2025-01-14 15:15:59.000,2025-01-14 15:16:00.513,,,,1,MhLCbMNGdz,com.sec.android.app.shealth,,34-14009.pauseWhenTargetReach,
,tracker.exercise,,2025-01-14 15:15:59.000,2025-01-14 15:16:00.513,,,,1,MhLCbMNGdz,com.sec.android.app.shealth,,34-14010.pauseWhenTargetReach,
,tracker.exercise,,2025-01-14 15:15:59.000,2025-01-14 15:16:00.513,,,,1,MhLCbMNGdz,com.sec.android.app.shealth,,34-14011.pauseWhenTargetReach,
,tracker.exercise,,2025-01-14 15:15:59.000,2025-01-14 15:16:00.513,,,,1,MhLCbMNGdz,com.sec.android.app.shealth,,34-14012.pauseWhenTargetReach,
,tracker.exercise,,2025-01-14 15:15:59.000,2025-01-14 15:16:00.513,,,,1,MhLCbMNGdz,com.sec.android.app.shealth,,34-14013.pauseWhenTargetReach,
,tracker.exercise,,2025-01-14 15:15:59.000,2025-01-14 15:16:00.513,,,,1,MhLCbMNGdz,com.sec.android.app.shealth,,34-15001.pauseWhenTargetReach,
,tracker.exercise,,2025-01-14 15:15:59.000,2025-01-14 15:16:00.513,,,,1,MhLCbMNGdz,com.sec.android.app.shealth,,34-15002.pauseWhenTargetReach,
,tracker.exercise,,2025-01-14 15:15:59.000,2025-01-14 15:16:00.513,,,,1,MhLCbMNGdz,com.sec.android.app.shealth,,34-15003.pauseWhenTargetReach,
,tracker.exercise,,2025-01-14 15:15:59.000,2025-01-14 15:16:00.513,,,,1,MhLCbMNGdz,com.sec.android.app.shealth,,34-15004.pauseWhenTargetReach,
,tracker.exercise,,2025-01-14 15:15:59.000,2025-01-14 15:16:00.513,,,,1,MhLCbMNGdz,com.sec.android.app.shealth,,34-15005.pauseWhenTargetReach,
,tracker.exercise,,2025-01-14 15:15:59.000,2025-01-14 15:16:00.513,,,,1,MhLCbMNGdz,com.sec.android.app.shealth,,34-15006.pauseWhenTargetReach,
,tracker.exercise,,2025-01-14 15:15:59.000,2025-01-14 15:16:00.513,,,,1,MhLCbMNGdz,com.sec.android.app.shealth,,34-16001.pauseWhenTargetReach,
,tracker.exercise,,2025-01-14 15:15:59.000,2025-01-14 15:16:00.513,,,,1,MhLCbMNGdz,com.sec.android.app.shealth,,34-16002.pauseWhenTargetReach,
,tracker.exercise,,2025-01-14 15:15:59.000,2025-01-14 15:16:00.513,,,,1,MhLCbMNGdz,com.sec.android.app.shealth,,34-16003.pauseWhenTargetReach,
,tracker.exercise,,2025-01-14 15:15:59.000,2025-01-14 15:16:00.513,,,,1,MhLCbMNGdz,com.sec.android.app.shealth,,34-16004.pauseWhenTargetReach,
,tracker.exercise,,2025-01-14 15:15:59.000,2025-01-14 15:16:00.513,,,,1,MhLCbMNGdz,com.sec.android.app.shealth,,34-16006.pauseWhenTargetReach,
,tracker.exercise,,2025-01-14 15:15:59.000,2025-01-14 15:16:00.513,,,,1,MhLCbMNGdz,com.sec.android.app.shealth,,34-16007.pauseWhenTargetReach,
,tracker.exercise,,2025-01-14 15:15:59.000,2025-01-14 15:16:00.514,,,,1,MhLCbMNGdz,com.sec.android.app.shealth,,34-16008.pauseWhenTargetReach,
,tracker.exercise,,2025-01-14 15:15:59.000,2025-01-14 15:16:00.514,,,,1,MhLCbMNGdz,com.sec.android.app.shealth,,34-16009.pauseWhenTargetReach,
,tracker.exercise,,2025-01-14 15:15:59.000,2025-01-14 15:16:00.514,,,,1,MhLCbMNGdz,com.sec.android.app.shealth,,34-00.pauseWhenTargetReach,
"{""calories"":300.0,""distance"":1000,""duration"":1800000,""enable"":false,""type"":2}",tracker.exercise,,2025-01-14 15:15:59.000,2025-01-14 15:16:00.514,,,,,MhLCbMNGdz,com.sec.android.app.shealth,,34-1001.target,
"{""calories"":300.0,""distance"":1000,""duration"":1800000,""enable"":false,""type"":2}",tracker.exercise,,2025-01-14 15:15:59.000,2025-01-14 15:16:00.514,,,,,MhLCbMNGdz,com.sec.android.app.shealth,,34-1002.target,
"{""calories"":300.0,""distance"":1000,""duration"":1800000,""enable"":false,""type"":2}",tracker.exercise,,2025-01-14 15:15:59.000,2025-01-14 15:16:00.514,,,,,MhLCbMNGdz,com.sec.android.app.shealth,,34-9001002.target,
"{""calories"":300.0,""distance"":1000,""duration"":1800000,""enable"":false,""type"":2}",tracker.exercise,,2025-01-14 15:15:59.000,2025-01-14 15:16:00.514,,,,,MhLCbMNGdz,com.sec.android.app.shealth,,34-1006.target,
"{""calories"":300.0,""distance"":1000,""duration"":1800000,""enable"":false,""type"":2}",tracker.exercise,,2025-01-14 15:15:59.000,2025-01-14 15:16:00.514,,,,,MhLCbMNGdz,com.sec.android.app.shealth,,34-1007.target,
"{""calories"":300.0,""distance"":1000,""duration"":1800000,""enable"":false,""type"":2}",tracker.exercise,,2025-01-14 15:15:59.000,2025-01-14 15:16:00.514,,,,,MhLCbMNGdz,com.sec.android.app.shealth,,34-2001.target,
"{""calories"":300.0,""distance"":1000,""duration"":1800000,""enable"":false,""type"":2}",tracker.exercise,,2025-01-14 15:15:59.000,2025-01-14 15:16:00.514,,,,,MhLCbMNGdz,com.sec.android.app.shealth,,34-2002.target,
"{""calories"":300.0,""distance"":1000,""duration"":1800000,""enable"":false,""type"":2}",tracker.exercise,,2025-01-14 15:15:59.000,2025-01-14 15:16:00.514,,,,,MhLCbMNGdz,com.sec.android.app.shealth,,34-2003.target,
"{""calories"":300.0,""distance"":1000,""duration"":1800000,""enable"":false,""type"":2}",tracker.exercise,,2025-01-14 15:15:59.000,2025-01-14 15:16:00.514,,,,,MhLCbMNGdz,com.sec.android.app.shealth,,34-3001.target,
"{""calories"":300.0,""distance"":1000,""duration"":1800000,""enable"":false,""type"":2}",tracker.exercise,,2025-01-14 15:15:59.000,2025-01-14 15:16:00.514,,,,,MhLCbMNGdz,com.sec.android.app.shealth,,34-3003.target,
"{""calories"":300.0,""distance"":1000,""duration"":1800000,""enable"":false,""type"":2}",tracker.exercise,,2025-01-14 15:15:59.000,2025-01-14 15:16:00.514,,,,,MhLCbMNGdz,com.sec.android.app.shealth,,34-4001.target,
"{""calories"":300.0,""distance"":1000,""duration"":1800000,""enable"":false,""type"":2}",tracker.exercise,,2025-01-14 15:15:59.000,2025-01-14 15:16:00.514,,,,,MhLCbMNGdz,com.sec.android.app.shealth,,34-4002.target,
"{""calories"":300.0,""distance"":1000,""duration"":1800000,""enable"":false,""type"":2}",tracker.exercise,,2025-01-14 15:15:59.000,2025-01-14 15:16:00.514,,,,,MhLCbMNGdz,com.sec.android.app.shealth,,34-4003.target,
"{""calories"":300.0,""distance"":1000,""duration"":1800000,""enable"":false,""type"":2}",tracker.exercise,,2025-01-14 15:15:59.000,2025-01-14 15:16:00.514,,,,,MhLCbMNGdz,com.sec.android.app.shealth,,34-4004.target,
"{""calories"":300.0,""distance"":1000,""duration"":1800000,""enable"":false,""type"":2}",tracker.exercise,,2025-01-14 15:15:59.000,2025-01-14 15:16:00.514,,,,,MhLCbMNGdz,com.sec.android.app.shealth,,34-4005.target,
"{""calories"":300.0,""distance"":1000,""duration"":1800000,""enable"":false,""type"":2}",tracker.exercise,,2025-01-14 15:15:59.000,2025-01-14 15:16:00.514,,,,,MhLCbMNGdz,com.sec.android.app.shealth,,34-4006.target,
"{""calories"":300.0,""distance"":1000,""duration"":1800000,""enable"":false,""type"":2}",tracker.exercise,,2025-01-14 15:15:59.000,2025-01-14 15:16:00.514,,,,,MhLCbMNGdz,com.sec.android.app.shealth,,34-5001.target,
"{""calories"":300.0,""distance"":1000,""duration"":1800000,""enable"":false,""type"":2}",tracker.exercise,,2025-01-14 15:15:59.000,2025-01-14 15:16:00.514,,,,,MhLCbMNGdz,com.sec.android.app.shealth,,34-5002.target,
"{""calories"":300.0,""distance"":1000,""duration"":1800000,""enable"":false,""type"":2}",tracker.exercise,,2025-01-14 15:15:59.000,2025-01-14 15:16:00.515,,,,,MhLCbMNGdz,com.sec.android.app.shealth,,34-6001.target,
"{""calories"":300.0,""distance"":1000,""duration"":1800000,""enable"":false,""type"":2}",tracker.exercise,,2025-01-14 15:15:59.000,2025-01-14 15:16:00.515,,,,,MhLCbMNGdz,com.sec.android.app.shealth,,34-6002.target,
"{""calories"":300.0,""distance"":1000,""duration"":1800000,""enable"":false,""type"":2}",tracker.exercise,,2025-01-14 15:15:59.000,2025-01-14 15:16:00.515,,,,,MhLCbMNGdz,com.sec.android.app.shealth,,34-6003.target,
"{""calories"":300.0,""distance"":1000,""duration"":1800000,""enable"":false,""type"":2}",tracker.exercise,,2025-01-14 15:15:59.000,2025-01-14 15:16:00.515,,,,,MhLCbMNGdz,com.sec.android.app.shealth,,34-6004.target,
"{""calories"":300.0,""distance"":1000,""duration"":1800000,""enable"":false,""type"":2}",tracker.exercise,,2025-01-14 15:15:59.000,2025-01-14 15:16:00.515,,,,,MhLCbMNGdz,com.sec.android.app.shealth,,34-6005.target,
"{""calories"":300.0,""distance"":1000,""duration"":1800000,""enable"":false,""type"":2}",tracker.exercise,,2025-01-14 15:15:59.000,2025-01-14 15:16:00.515,,,,,MhLCbMNGdz,com.sec.android.app.shealth,,34-7002.target,
"{""calories"":300.0,""distance"":1000,""duration"":1800000,""enable"":false,""type"":2}",tracker.exercise,,2025-01-14 15:15:59.000,2025-01-14 15:16:00.515,,,,,MhLCbMNGdz,com.sec.android.app.shealth,,34-7003.target,
"{""calories"":300.0,""distance"":1000,""duration"":1800000,""enable"":false,""type"":2}",tracker.exercise,,2025-01-14 15:15:59.000,2025-01-14 15:16:00.515,,,,,MhLCbMNGdz,com.sec.android.app.shealth,,34-8001.target,
"{""calories"":300.0,""distance"":1000,""duration"":1800000,""enable"":false,""type"":2}",tracker.exercise,,2025-01-14 15:15:59.000,2025-01-14 15:16:00.515,,,,,MhLCbMNGdz,com.sec.android.app.shealth,,34-8002.target,
"{""calories"":300.0,""distance"":1000,""duration"":1800000,""enable"":false,""type"":2}",tracker.exercise,,2025-01-14 15:15:59.000,2025-01-14 15:16:00.515,,,,,MhLCbMNGdz,com.sec.android.app.shealth,,34-8003.target,
"{""calories"":300.0,""distance"":1000,""duration"":1800000,""enable"":false,""type"":2}",tracker.exercise,,2025-01-14 15:15:59.000,2025-01-14 15:16:00.515,,,,,MhLCbMNGdz,com.sec.android.app.shealth,,34-9001.target,
"{""calories"":300.0,""distance"":1000,""duration"":1800000,""enable"":false,""type"":2}",tracker.exercise,,2025-01-14 15:15:59.000,2025-01-14 15:16:00.515,,,,,MhLCbMNGdz,com.sec.android.app.shealth,,34-9002.target,
"{""calories"":300.0,""distance"":1000,""duration"":1800000,""enable"":false,""type"":2}",tracker.exercise,,2025-01-14 15:15:59.000,2025-01-14 15:16:00.515,,,,,MhLCbMNGdz,com.sec.android.app.shealth,,34-10001.target,
"{""calories"":300.0,""distance"":1000,""duration"":1800000,""enable"":false,""type"":2}",tracker.exercise,,2025-01-14 15:15:59.000,2025-01-14 15:16:00.515,,,,,MhLCbMNGdz,com.sec.android.app.shealth,,34-10002.target,
"{""calories"":300.0,""distance"":1000,""duration"":1800000,""enable"":false,""type"":2}",tracker.exercise,,2025-01-14 15:15:59.000,2025-01-14 15:16:00.515,,,,,MhLCbMNGdz,com.sec.android.app.shealth,,34-10003.target,
"{""calories"":300.0,""distance"":1000,""duration"":30000,""enable"":false,""type"":2}",tracker.exercise,,2025-01-14 15:15:59.000,2025-01-14 15:16:00.515,,,,,MhLCbMNGdz,com.sec.android.app.shealth,,34-10004.target,
"{""calories"":300.0,""distance"":1000,""duration"":30000,""enable"":false,""type"":2}",tracker.exercise,,2025-01-14 15:15:59.000,2025-01-14 15:16:00.515,,,,,MhLCbMNGdz,com.sec.android.app.shealth,,34-10005.target,
"{""calories"":300.0,""distance"":1000,""duration"":30000,""enable"":false,""type"":2}",tracker.exercise,,2025-01-14 15:15:59.000,2025-01-14 15:16:00.515,,,,,MhLCbMNGdz,com.sec.android.app.shealth,,34-10006.target,
"{""calories"":300.0,""distance"":1000,""duration"":30000,""enable"":false,""type"":2}",tracker.exercise,,2025-01-14 15:15:59.000,2025-01-14 15:16:00.515,,,,,MhLCbMNGdz,com.sec.android.app.shealth,,34-10007.target,
"{""calories"":300.0,""distance"":1000,""duration"":30000,""enable"":false,""type"":2}",tracker.exercise,,2025-01-14 15:15:59.000,2025-01-14 15:16:00.515,,,,,MhLCbMNGdz,com.sec.android.app.shealth,,34-10008.target,
"{""calories"":300.0,""distance"":1000,""duration"":30000,""enable"":false,""type"":2}",tracker.exercise,,2025-01-14 15:15:59.000,2025-01-14 15:16:00.515,,,,,MhLCbMNGdz,com.sec.android.app.shealth,,34-10009.target,
"{""calories"":300.0,""distance"":1000,""duration"":30000,""enable"":false,""type"":2}",tracker.exercise,,2025-01-14 15:15:59.000,2025-01-14 15:16:00.515,,,,,MhLCbMNGdz,com.sec.android.app.shealth,,34-10010.target,
"{""calories"":300.0,""distance"":1000,""duration"":30000,""enable"":false,""type"":2}",tracker.exercise,,2025-01-14 15:15:59.000,2025-01-14 15:16:00.515,,,,,MhLCbMNGdz,com.sec.android.app.shealth,,34-10011.target,
"{""calories"":300.0,""distance"":1000,""duration"":30000,""enable"":false,""type"":2}",tracker.exercise,,2025-01-14 15:15:59.000,2025-01-14 15:16:00.516,,,,,MhLCbMNGdz,com.sec.android.app.shealth,,34-10012.target,
"{""calories"":300.0,""distance"":1000,""duration"":30000,""enable"":false,""type"":2}",tracker.exercise,,2025-01-14 15:15:59.000,2025-01-14 15:16:00.516,,,,,MhLCbMNGdz,com.sec.android.app.shealth,,34-10013.target,
"{""calories"":300.0,""distance"":1000,""duration"":30000,""enable"":false,""type"":2}",tracker.exercise,,2025-01-14 15:15:59.000,2025-01-14 15:16:00.516,,,,,MhLCbMNGdz,com.sec.android.app.shealth,,34-10014.target,
"{""calories"":300.0,""distance"":1000,""duration"":30000,""enable"":false,""type"":2}",tracker.exercise,,2025-01-14 15:15:59.000,2025-01-14 15:16:00.516,,,,,MhLCbMNGdz,com.sec.android.app.shealth,,34-10015.target,
"{""calories"":300.0,""distance"":1000,""duration"":30000,""enable"":false,""type"":2}",tracker.exercise,,2025-01-14 15:15:59.000,2025-01-14 15:16:00.516,,,,,MhLCbMNGdz,com.sec.android.app.shealth,,34-10016.target,
"{""calories"":300.0,""distance"":1000,""duration"":30000,""enable"":false,""type"":2}",tracker.exercise,,2025-01-14 15:15:59.000,2025-01-14 15:16:00.516,,,,,MhLCbMNGdz,com.sec.android.app.shealth,,34-10017.target,
"{""calories"":300.0,""distance"":1000,""duration"":30000,""enable"":false,""type"":2}",tracker.exercise,,2025-01-14 15:15:59.000,2025-01-14 15:16:00.516,,,,,MhLCbMNGdz,com.sec.android.app.shealth,,34-10018.target,
"{""calories"":300.0,""distance"":1000,""duration"":30000,""enable"":false,""type"":2}",tracker.exercise,,2025-01-14 15:15:59.000,2025-01-14 15:16:00.516,,,,,MhLCbMNGdz,com.sec.android.app.shealth,,34-10019.target,
"{""calories"":300.0,""distance"":1000,""duration"":30000,""enable"":false,""type"":2}",tracker.exercise,,2025-01-14 15:15:59.000,2025-01-14 15:16:00.516,,,,,MhLCbMNGdz,com.sec.android.app.shealth,,34-10020.target,
"{""calories"":300.0,""distance"":1000,""duration"":30000,""enable"":false,""type"":2}",tracker.exercise,,2025-01-14 15:15:59.000,2025-01-14 15:16:00.516,,,,,MhLCbMNGdz,com.sec.android.app.shealth,,34-10021.target,
"{""calories"":300.0,""distance"":1000,""duration"":30000,""enable"":false,""type"":2}",tracker.exercise,,2025-01-14 15:15:59.000,2025-01-14 15:16:00.516,,,,,MhLCbMNGdz,com.sec.android.app.shealth,,34-10022.target,
"{""calories"":300.0,""distance"":1000,""duration"":30000,""enable"":false,""type"":2}",tracker.exercise,,2025-01-14 15:15:59.000,2025-01-14 15:16:00.516,,,,,MhLCbMNGdz,com.sec.android.app.shealth,,34-10023.target,
"{""calories"":300.0,""distance"":1000,""duration"":30000,""enable"":false,""type"":2}",tracker.exercise,,2025-01-14 15:15:59.000,2025-01-14 15:16:00.516,,,,,MhLCbMNGdz,com.sec.android.app.shealth,,34-10024.target,
"{""calories"":300.0,""distance"":1000,""duration"":30000,""enable"":false,""type"":2}",tracker.exercise,,2025-01-14 15:15:59.000,2025-01-14 15:16:00.516,,,,,MhLCbMNGdz,com.sec.android.app.shealth,,34-10025.target,
"{""calories"":300.0,""distance"":1000,""duration"":30000,""enable"":false,""type"":2}",tracker.exercise,,2025-01-14 15:15:59.000,2025-01-14 15:16:00.516,,,,,MhLCbMNGdz,com.sec.android.app.shealth,,34-10026.target,
"{""calories"":300.0,""distance"":1000,""duration"":30000,""enable"":false,""type"":2}",tracker.exercise,,2025-01-14 15:15:59.000,2025-01-14 15:16:00.516,,,,,MhLCbMNGdz,com.sec.android.app.shealth,,34-10027.target,
"{""calories"":300.0,""distance"":1000,""duration"":30000,""enable"":false,""type"":2}",tracker.exercise,,2025-01-14 15:15:59.000,2025-01-14 15:16:00.516,,,,,MhLCbMNGdz,com.sec.android.app.shealth,,34-10028.target,
"{""calories"":300.0,""distance"":1000,""duration"":30000,""enable"":false,""type"":2}",tracker.exercise,,2025-01-14 15:15:59.000,2025-01-14 15:16:00.516,,,,,MhLCbMNGdz,com.sec.android.app.shealth,,34-10029.target,
"{""calories"":300.0,""distance"":1000,""duration"":1800000,""enable"":false,""type"":2}",tracker.exercise,,2025-01-14 15:15:59.000,2025-01-14 15:16:00.516,,,,,MhLCbMNGdz,com.sec.android.app.shealth,,34-11001.target,
"{""calories"":300.0,""distance"":1000,""duration"":1800000,""enable"":false,""type"":2}",tracker.exercise,,2025-01-14 15:15:59.000,2025-01-14 15:16:00.516,,,,,MhLCbMNGdz,com.sec.android.app.shealth,,34-11002.target,
"{""calories"":300.0,""distance"":1000,""duration"":1800000,""enable"":false,""type"":2}",tracker.exercise,,2025-01-14 15:15:59.000,2025-01-14 15:16:00.516,,,,,MhLCbMNGdz,com.sec.android.app.shealth,,34-11004.target,
"{""calories"":300.0,""distance"":1000,""duration"":1800000,""enable"":false,""type"":2}",tracker.exercise,,2025-01-14 15:15:59.000,2025-01-14 15:16:00.516,,,,,MhLCbMNGdz,com.sec.android.app.shealth,,34-11005.target,
"{""calories"":300.0,""distance"":10000,""duration"":1800000,""enable"":false,""type"":2}",tracker.exercise,,2025-01-14 15:15:59.000,2025-01-14 15:16:00.516,,,,,MhLCbMNGdz,com.sec.android.app.shealth,,34-11007.target,
"{""calories"":300.0,""distance"":1000,""duration"":1800000,""enable"":false,""type"":2}",tracker.exercise,,2025-01-14 15:15:59.000,2025-01-14 15:16:00.516,,,,,MhLCbMNGdz,com.sec.android.app.shealth,,34-11008.target,
"{""calories"":300.0,""distance"":1000,""duration"":1800000,""enable"":false,""type"":2}",tracker.exercise,,2025-01-14 15:15:59.000,2025-01-14 15:16:00.517,,,,,MhLCbMNGdz,com.sec.android.app.shealth,,34-11009.target,
"{""calories"":300.0,""distance"":1000,""duration"":1800000,""enable"":false,""type"":2}",tracker.exercise,,2025-01-14 15:15:59.000,2025-01-14 15:16:00.517,,,,,MhLCbMNGdz,com.sec.android.app.shealth,,34-12001.target,
"{""calories"":300.0,""distance"":1000,""duration"":1800000,""enable"":false,""type"":2}",tracker.exercise,,2025-01-14 15:15:59.000,2025-01-14 15:16:00.517,,,,,MhLCbMNGdz,com.sec.android.app.shealth,,34-13001.target,
"{""calories"":300.0,""distance"":1000,""duration"":1800000,""enable"":false,""type"":2}",tracker.exercise,,2025-01-14 15:15:59.000,2025-01-14 15:16:00.517,,,,,MhLCbMNGdz,com.sec.android.app.shealth,,34-13002.target,
"{""calories"":300.0,""distance"":1000,""duration"":1800000,""enable"":false,""type"":2}",tracker.exercise,,2025-01-14 15:15:59.000,2025-01-14 15:16:00.517,,,,,MhLCbMNGdz,com.sec.android.app.shealth,,34-13003.target,
"{""calories"":300.0,""distance"":1000,""duration"":1800000,""enable"":false,""type"":2}",tracker.exercise,,2025-01-14 15:15:59.000,2025-01-14 15:16:00.517,,,,,MhLCbMNGdz,com.sec.android.app.shealth,,34-13004.target,
"{""calories"":300.0,""distance"":1000,""duration"":1800000,""enable"":false,""type"":2}",tracker.exercise,,2025-01-14 15:15:59.000,2025-01-14 15:16:00.517,,,,,MhLCbMNGdz,com.sec.android.app.shealth,,34-13005.target,
"{""calories"":300.0,""distance"":1000,""duration"":1800000,""enable"":false,""type"":2}",tracker.exercise,,2025-01-14 15:15:59.000,2025-01-14 15:16:00.517,,,,,MhLCbMNGdz,com.sec.android.app.shealth,,34-14001.target,
"{""calories"":300.0,""distance"":1000,""duration"":1800000,""enable"":false,""type"":2}",tracker.exercise,,2025-01-14 15:15:59.000,2025-01-14 15:16:00.517,,,,,MhLCbMNGdz,com.sec.android.app.shealth,,34-9014001.target,
"{""calories"":300.0,""distance"":1000,""duration"":1800000,""enable"":false,""type"":2}",tracker.exercise,,2025-01-14 15:15:59.000,2025-01-14 15:16:00.517,,,,,MhLCbMNGdz,com.sec.android.app.shealth,,34-14002.target,
"{""calories"":300.0,""distance"":1000,""duration"":1800000,""enable"":false,""type"":2}",tracker.exercise,,2025-01-14 15:15:59.000,2025-01-14 15:16:00.517,,,,,MhLCbMNGdz,com.sec.android.app.shealth,,34-14003.target,
"{""calories"":300.0,""distance"":1000,""duration"":1800000,""enable"":false,""type"":2}",tracker.exercise,,2025-01-14 15:15:59.000,2025-01-14 15:16:00.517,,,,,MhLCbMNGdz,com.sec.android.app.shealth,,34-14004.target,
"{""calories"":300.0,""distance"":1000,""duration"":1800000,""enable"":false,""type"":2}",tracker.exercise,,2025-01-14 15:15:59.000,2025-01-14 15:16:00.517,,,,,MhLCbMNGdz,com.sec.android.app.shealth,,34-14005.target,
"{""calories"":300.0,""distance"":1000,""duration"":1800000,""enable"":false,""type"":2}",tracker.exercise,,2025-01-14 15:15:59.000,2025-01-14 15:16:00.517,,,,,MhLCbMNGdz,com.sec.android.app.shealth,,34-14006.target,
"{""calories"":300.0,""distance"":1000,""duration"":1800000,""enable"":false,""type"":2}",tracker.exercise,,2025-01-14 15:15:59.000,2025-01-14 15:16:00.517,,,,,MhLCbMNGdz,com.sec.android.app.shealth,,34-14007.target,
"{""calories"":300.0,""distance"":1000,""duration"":1800000,""enable"":false,""type"":2}",tracker.exercise,,2025-01-14 15:15:59.000,2025-01-14 15:16:00.517,,,,,MhLCbMNGdz,com.sec.android.app.shealth,,34-14008.target,
"{""calories"":300.0,""distance"":1000,""duration"":1800000,""enable"":false,""type"":2}",tracker.exercise,,2025-01-14 15:15:59.000,2025-01-14 15:16:00.517,,,,,MhLCbMNGdz,com.sec.android.app.shealth,,34-14009.target,
"{""calories"":300.0,""distance"":1000,""duration"":1800000,""enable"":false,""type"":2}",tracker.exercise,,2025-01-14 15:15:59.000,2025-01-14 15:16:00.517,,,,,MhLCbMNGdz,com.sec.android.app.shealth,,34-14010.target,
"{""calories"":300.0,""distance"":1000,""duration"":1800000,""enable"":false,""type"":2}",tracker.exercise,,2025-01-14 15:15:59.000,2025-01-14 15:16:00.517,,,,,MhLCbMNGdz,com.sec.android.app.shealth,,34-14011.target,
"{""calories"":300.0,""distance"":1000,""duration"":1800000,""enable"":false,""type"":2}",tracker.exercise,,2025-01-14 15:15:59.000,2025-01-14 15:16:00.517,,,,,MhLCbMNGdz,com.sec.android.app.shealth,,34-14012.target,
"{""calories"":300.0,""distance"":1000,""duration"":1800000,""enable"":false,""type"":2}",tracker.exercise,,2025-01-14 15:15:59.000,2025-01-14 15:16:00.517,,,,,MhLCbMNGdz,com.sec.android.app.shealth,,34-14013.target,
"{""calories"":300.0,""distance"":1000,""duration"":1800000,""enable"":false,""type"":2}",tracker.exercise,,2025-01-14 15:15:59.000,2025-01-14 15:16:00.517,,,,,MhLCbMNGdz,com.sec.android.app.shealth,,34-15001.target,
"{""calories"":300.0,""distance"":1000,""duration"":1800000,""enable"":false,""type"":2}",tracker.exercise,,2025-01-14 15:15:59.000,2025-01-14 15:16:00.517,,,,,MhLCbMNGdz,com.sec.android.app.shealth,,34-15002.target,
"{""calories"":300.0,""distance"":1000,""duration"":1800000,""enable"":false,""type"":2}",tracker.exercise,,2025-01-14 15:15:59.000,2025-01-14 15:16:00.518,,,,,MhLCbMNGdz,com.sec.android.app.shealth,,34-15003.target,
"{""calories"":300.0,""distance"":1000,""duration"":1800000,""enable"":false,""type"":2}",tracker.exercise,,2025-01-14 15:15:59.000,2025-01-14 15:16:00.518,,,,,MhLCbMNGdz,com.sec.android.app.shealth,,34-15004.target,
"{""calories"":300.0,""distance"":1000,""duration"":1800000,""enable"":false,""type"":2}",tracker.exercise,,2025-01-14 15:15:59.000,2025-01-14 15:16:00.518,,,,,MhLCbMNGdz,com.sec.android.app.shealth,,34-15005.target,
"{""calories"":300.0,""distance"":1000,""duration"":1800000,""enable"":false,""type"":2}",tracker.exercise,,2025-01-14 15:15:59.000,2025-01-14 15:16:00.518,,,,,MhLCbMNGdz,com.sec.android.app.shealth,,34-15006.target,
"{""calories"":300.0,""distance"":1000,""duration"":1800000,""enable"":false,""type"":2}",tracker.exercise,,2025-01-14 15:15:59.000,2025-01-14 15:16:00.518,,,,,MhLCbMNGdz,com.sec.android.app.shealth,,34-16001.target,
"{""calories"":300.0,""distance"":1000,""duration"":1800000,""enable"":false,""type"":2}",tracker.exercise,,2025-01-14 15:15:59.000,2025-01-14 15:16:00.518,,,,,MhLCbMNGdz,com.sec.android.app.shealth,,34-16002.target,
"{""calories"":300.0,""distance"":1000,""duration"":1800000,""enable"":false,""type"":2}",tracker.exercise,,2025-01-14 15:15:59.000,2025-01-14 15:16:00.518,,,,,MhLCbMNGdz,com.sec.android.app.shealth,,34-16003.target,
"{""calories"":300.0,""distance"":1000,""duration"":1800000,""enable"":false,""type"":2}",tracker.exercise,,2025-01-14 15:15:59.000,2025-01-14 15:16:00.518,,,,,MhLCbMNGdz,com.sec.android.app.shealth,,34-16004.target,
"{""calories"":300.0,""distance"":1000,""duration"":1800000,""enable"":false,""type"":2}",tracker.exercise,,2025-01-14 15:15:59.000,2025-01-14 15:16:00.518,,,,,MhLCbMNGdz,com.sec.android.app.shealth,,34-16006.target,
"{""calories"":300.0,""distance"":1000,""duration"":1800000,""enable"":false,""type"":2}",tracker.exercise,,2025-01-14 15:15:59.000,2025-01-14 15:16:00.518,,,,,MhLCbMNGdz,com.sec.android.app.shealth,,34-16007.target,
"{""calories"":300.0,""distance"":1000,""duration"":1800000,""enable"":false,""type"":2}",tracker.exercise,,2025-01-14 15:15:59.000,2025-01-14 15:16:00.518,,,,,MhLCbMNGdz,com.sec.android.app.shealth,,34-16008.target,
"{""calories"":300.0,""distance"":1000,""duration"":1800000,""enable"":false,""type"":2}",tracker.exercise,,2025-01-14 15:15:59.000,2025-01-14 15:16:00.518,,,,,MhLCbMNGdz,com.sec.android.app.shealth,,34-16009.target,
"{""calories"":300.0,""distance"":1000,""duration"":1800000,""enable"":false,""type"":2}",tracker.exercise,,2025-01-14 15:15:59.000,2025-01-14 15:16:00.518,,,,,MhLCbMNGdz,com.sec.android.app.shealth,,34-00.target,
,,,2025-01-14 15:16:02.730,2025-01-14 15:16:02.751,,,food-target-settings.blob_value.json,,R0X8Tl1DGH,com.sec.android.app.shealth,,food-target-settings,
,,,2025-03-08 06:04:16.985,2025-01-14 22:34:42.763,,,sleep.watch_summary.blob_value.json,,R0X8Tl1DGH,com.sec.android.app.shealth,,sleep.watch_summary,
,tracker.sleep,,2025-01-14 22:34:52.467,2025-01-14 22:34:52.514,,,,0,R0X8Tl1DGH,com.sec.android.app.shealth,,06-snore.setting.option_new,
,tracker.sleep,,2025-02-18 08:31:34.364,2025-01-14 22:35:08.838,,,,1,R0X8Tl1DGH,com.sec.android.app.shealth,,06-snore_setting,
,tracker.sleep,,2025-02-23 06:27:23.909,2025-01-15 06:11:15.753,,,,0,R0X8Tl1DGH,com.sec.android.app.shealth,,sleep_excellent_reward_not_shown,
,tracker.sleep,,2025-01-15 06:11:16.680,2025-01-15 06:11:15.771,,,,0,R0X8Tl1DGH,com.sec.android.app.shealth,,sleep_first_sleep_reward_not_shown,
,,,2025-01-15 09:23:03.895,2025-01-15 09:23:04.151,,,,1,R0X8Tl1DGH,com.sec.android.app.shealth,,sc.tile_init_state,
,tracker.sleep,,2025-01-16 06:47:20.521,2025-01-16 06:47:18.702,,,,0,R0X8Tl1DGH,com.sec.android.app.shealth,,sleep_good_reward_not_shown,
,,,2025-01-19 00:46:37.374,2025-01-19 00:46:37.382,1737247597374,,,,R0X8Tl1DGH,com.sec.android.app.shealth,,shealth.6.29.upgrade.date,
,,,2025-03-23 12:28:59.162,2025-02-11 08:39:16.535,,,,1,R0X8Tl1DGH,com.sec.android.app.shealth,,step.detectworkout_switch,
,,,2025-02-15 21:08:24.515,2025-02-15 21:07:31.119,,,,1,R0X8Tl1DGH,com.sec.android.app.shealth,,sc.symbol_trial_state,
,tracker.exercise,,2025-03-22 18:34:52.073,2025-02-16 17:19:54.628,,,,79,R0X8Tl1DGH,com.sec.android.app.shealth,,34-exercise.last.rest.hr,
