com.samsung.shealth.step_daily_trend,6292001,6
binning_data,update_time,create_time,source_pkg_name,source_type,count,speed,distance,calorie,deviceuuid,pkg_name,datauuid,day_time
a4422f07-256f-4faf-8791-75ea2ed94ea6.binning_data.json,2025-01-14 22:30:14.143,2025-01-14 15:16:00.146,com.sec.android.app.shealth,-2,1189,1.1877792,889.1038,43.836273,VfS0qUERdZ,com.sec.android.app.shealth,a4422f07-256f-4faf-8791-75ea2ed94ea6,1736812800000,
0b8faaf2-4952-49ba-b4cb-3a4fa13e92bf.binning_data.json,2025-01-14 23:00:01.004,2025-01-14 23:00:01.004,com.sec.android.app.shealth,0,776,1.2523183,579.9,29.01,R0X8Tl1DGH,com.sec.android.app.shealth,0b8faaf2-4952-49ba-b4cb-3a4fa13e92bf,1736812800000,
3ce54c7c-68db-4986-8f88-fd327b32a4af.binning_data.json,2025-01-14 23:00:01.370,2025-01-14 23:00:01.370,com.sec.android.app.shealth,25,759,1.0974141,566.9973,27.581541,MhLCbMNGdz,com.sec.android.app.shealth,3ce54c7c-68db-4986-8f88-fd327b32a4af,1736812800000,
0dbf88a3-6d57-4153-91b0-6d0a78612c49.binning_data.json,2025-01-15 21:15:38.704,2025-01-14 23:04:34.545,com.sec.android.app.shealth,-2,3354,1.251823,2499.536,128.64409,VfS0qUERdZ,com.sec.android.app.shealth,0dbf88a3-6d57-4153-91b0-6d0a78612c49,1736899200000,
7303437a-b761-4a79-b4dd-47df9d4879e0.binning_data.json,2025-01-15 23:00:00.778,2025-01-15 23:00:00.778,com.sec.android.app.shealth,0,3065,1.2439159,2283.22,117.71,R0X8Tl1DGH,com.sec.android.app.shealth,7303437a-b761-4a79-b4dd-47df9d4879e0,1736899200000,
65f120d4-a971-49fd-8622-a04a8a34e475.binning_data.json,2025-01-15 23:00:00.920,2025-01-15 23:00:00.920,com.sec.android.app.shealth,25,416,1.2429743,310.7436,15.593719,MhLCbMNGdz,com.sec.android.app.shealth,65f120d4-a971-49fd-8622-a04a8a34e475,1736899200000,
1dd548b6-610b-4de5-bf41-cd9dedb201d4.binning_data.json,2025-01-16 21:20:49.482,2025-01-15 23:03:11.181,com.sec.android.app.shealth,-2,5649,1.2817712,4225.726,218.6156,VfS0qUERdZ,com.sec.android.app.shealth,1dd548b6-610b-4de5-bf41-cd9dedb201d4,1736985600000,
52b486e7-f44b-4d16-8308-cf0ffed61b68.binning_data.json,2025-01-16 23:00:00.782,2025-01-16 23:00:00.782,com.sec.android.app.shealth,0,5528,1.2835891,4131.99,213.53,R0X8Tl1DGH,com.sec.android.app.shealth,52b486e7-f44b-4d16-8308-cf0ffed61b68,1736985600000,
dbb563c1-6123-4f30-8f69-0ffb5941c5cb.binning_data.json,2025-01-16 23:00:00.965,2025-01-16 23:00:00.965,com.sec.android.app.shealth,25,212,1.2190485,162.53978,8.302581,MhLCbMNGdz,com.sec.android.app.shealth,dbb563c1-6123-4f30-8f69-0ffb5941c5cb,1736985600000,
a6ef9b86-fe90-4b12-ba2d-d3bfa6e4e73e.binning_data.json,2025-01-17 21:59:39.793,2025-01-17 06:47:12.590,com.sec.android.app.shealth,-2,6383,1.2805935,4766.842,242.59637,VfS0qUERdZ,com.sec.android.app.shealth,a6ef9b86-fe90-4b12-ba2d-d3bfa6e4e73e,1737072000000,
c464ab01-a2df-4eb3-98fa-016e54300ae0.binning_data.json,2025-01-17 23:00:00.373,2025-01-17 23:00:00.373,com.sec.android.app.shealth,0,5927,1.2458704,4422.59,225.79,R0X8Tl1DGH,com.sec.android.app.shealth,c464ab01-a2df-4eb3-98fa-016e54300ae0,1737072000000,
51a015e3-5496-46f2-9089-204960194bfd.binning_data.json,2025-01-17 23:00:00.561,2025-01-17 23:00:00.561,com.sec.android.app.shealth,25,604,1.8218973,455.47433,22.128538,MhLCbMNGdz,com.sec.android.app.shealth,51a015e3-5496-46f2-9089-204960194bfd,1737072000000,
7c783f96-758f-4a5b-9ffb-2cba66a55723.binning_data.json,2025-01-19 23:00:00.913,2025-01-18 06:27:24.262,com.sec.android.app.shealth,-2,16650,1.3518368,12514.441,614.7305,VfS0qUERdZ,com.sec.android.app.shealth,7c783f96-758f-4a5b-9ffb-2cba66a55723,1737158400000,
7539d5dd-244b-4247-963e-12fa12993b0c.binning_data.json,2025-01-18 23:00:52.695,2025-01-18 23:00:00.677,com.sec.android.app.shealth,0,14766,1.2745005,11062.99,546.87,R0X8Tl1DGH,com.sec.android.app.shealth,7539d5dd-244b-4247-963e-12fa12993b0c,1737158400000,
9976e64a-b7b0-443d-83af-30c28e5ee7ec.binning_data.json,2025-01-18 23:00:01.036,2025-01-18 23:00:01.036,com.sec.android.app.shealth,25,9543,1.5470871,7219.7397,345.44928,MhLCbMNGdz,com.sec.android.app.shealth,9976e64a-b7b0-443d-83af-30c28e5ee7ec,1737158400000,
c2df4ca7-70b2-4e9c-b380-ef190e57b49f.binning_data.json,2025-01-20 06:37:56.015,2025-01-18 23:05:07.536,com.sec.android.app.shealth,-2,2645,1.2400434,1972.7185,84.77153,VfS0qUERdZ,com.sec.android.app.shealth,c2df4ca7-70b2-4e9c-b380-ef190e57b49f,1737244800000,
2877d12b-4c4a-4664-8050-040465cdf0d9.binning_data.json,2025-01-19 23:00:00.725,2025-01-19 23:00:00.725,com.sec.android.app.shealth,0,2565,1.2554227,1913.49,81.92,R0X8Tl1DGH,com.sec.android.app.shealth,2877d12b-4c4a-4664-8050-040465cdf0d9,1737244800000,
ab5e882c-64f1-4d31-9793-92fa62da52a6.binning_data.json,2025-01-20 18:23:29.438,2025-01-20 06:43:16.227,com.sec.android.app.shealth,-2,5589,1.2803841,4160.981,191.20796,VfS0qUERdZ,com.sec.android.app.shealth,ab5e882c-64f1-4d31-9793-92fa62da52a6,1737331200000,
4e691d4a-f7d6-45da-8e0c-eaf881a2a8b8.binning_data.json,2025-01-20 23:00:01.575,2025-01-20 23:00:01.575,com.sec.android.app.shealth,0,3916,1.1486808,2879.7,120.31,R0X8Tl1DGH,com.sec.android.app.shealth,4e691d4a-f7d6-45da-8e0c-eaf881a2a8b8,1737331200000,
f5403073-b86e-475d-9957-966aa1768768.binning_data.json,2025-01-20 23:00:01.874,2025-01-20 23:00:01.874,com.sec.android.app.shealth,25,80,0.88842773,59.228516,2.851532,MhLCbMNGdz,com.sec.android.app.shealth,f5403073-b86e-475d-9957-966aa1768768,1737244800000,
3dc77d36-1bc6-4889-8161-8fb808717bab.binning_data.json,2025-01-20 23:00:01.887,2025-01-20 23:00:01.887,com.sec.android.app.shealth,25,4282,1.584832,3222.4917,158.6535,MhLCbMNGdz,com.sec.android.app.shealth,3dc77d36-1bc6-4889-8161-8fb808717bab,1737331200000,
509d7946-83a9-4f23-9254-df0e2572846d.binning_data.json,2025-01-22 06:59:19.644,2025-01-20 23:58:07.663,com.sec.android.app.shealth,-2,4681,1.2435303,3526.5645,159.7684,VfS0qUERdZ,com.sec.android.app.shealth,509d7946-83a9-4f23-9254-df0e2572846d,1737417600000,
043e8491-a2fe-4dbc-a97a-b299a8fb7059.binning_data.json,2025-01-21 23:00:01.000,2025-01-21 23:00:01.000,com.sec.android.app.shealth,0,3742,1.2158318,2792.96,118.549995,R0X8Tl1DGH,com.sec.android.app.shealth,043e8491-a2fe-4dbc-a97a-b299a8fb7059,1737417600000,
95890422-91c7-478c-9b03-3b0787a0bab2.binning_data.json,2025-01-22 23:00:02.010,2025-01-21 23:00:01.243,com.sec.android.app.shealth,25,1456,1.3024782,1128.8145,59.076416,MhLCbMNGdz,com.sec.android.app.shealth,95890422-91c7-478c-9b03-3b0787a0bab2,1737417600000,
55d6abc2-8728-475c-b3c1-5337e357908a.binning_data.json,2025-01-22 22:34:36.536,2025-01-22 07:02:06.311,com.sec.android.app.shealth,-2,4506,1.2686809,3367.3474,145.13922,VfS0qUERdZ,com.sec.android.app.shealth,55d6abc2-8728-475c-b3c1-5337e357908a,1737504000000,
b0506a50-c758-4f27-b28c-627f65235e48.binning_data.json,2025-01-22 23:00:01.609,2025-01-22 23:00:01.609,com.sec.android.app.shealth,0,3926,1.2553077,2932.07,122.46,R0X8Tl1DGH,com.sec.android.app.shealth,b0506a50-c758-4f27-b28c-627f65235e48,1737504000000,
10739e64-11d4-4646-8292-1cc0c282d4c7.binning_data.json,2025-01-22 23:00:02.004,2025-01-22 23:00:02.004,com.sec.android.app.shealth,25,1305,1.5045508,977.958,48.151123,MhLCbMNGdz,com.sec.android.app.shealth,10739e64-11d4-4646-8292-1cc0c282d4c7,1737504000000,
2be16719-5ead-42f4-a456-65cf3a5c4d4c.binning_data.json,2025-01-23 22:30:54.699,2025-01-23 07:24:36.168,com.sec.android.app.shealth,-2,4578,1.2626679,3422.17,141.54,VfS0qUERdZ,com.sec.android.app.shealth,2be16719-5ead-42f4-a456-65cf3a5c4d4c,1737590400000,
9ff8b894-51ec-430d-9c88-f87118e9e528.binning_data.json,2025-01-23 23:00:00.712,2025-01-23 23:00:00.712,com.sec.android.app.shealth,0,4578,1.2626679,3422.17,141.54,R0X8Tl1DGH,com.sec.android.app.shealth,9ff8b894-51ec-430d-9c88-f87118e9e528,1737590400000,
b20b7c07-7831-4d2c-8f74-dae6f66028c3.binning_data.json,2025-01-24 23:00:01.554,2025-01-24 07:50:09.174,com.sec.android.app.shealth,-2,1564,1.2827737,1174.12,48.879997,VfS0qUERdZ,com.sec.android.app.shealth,b20b7c07-7831-4d2c-8f74-dae6f66028c3,1737676800000,
bc2a4435-0798-412f-b475-b5fce181cd24.binning_data.json,2025-01-24 23:00:01.403,2025-01-24 23:00:01.403,com.sec.android.app.shealth,0,1564,1.2827737,1174.12,48.879997,R0X8Tl1DGH,com.sec.android.app.shealth,bc2a4435-0798-412f-b475-b5fce181cd24,1737676800000,
34ce43ca-1ca8-43e0-9a0c-91f3aa406c07.binning_data.json,2025-01-25 22:18:24.510,2025-01-25 06:05:33.902,com.sec.android.app.shealth,-2,16869,1.3479913,12744.111,558.9864,VfS0qUERdZ,com.sec.android.app.shealth,34ce43ca-1ca8-43e0-9a0c-91f3aa406c07,1737763200000,
0108a73f-52fb-49bb-88e4-58d148d03873.binning_data.json,2025-01-25 23:00:00.578,2025-01-25 23:00:00.578,com.sec.android.app.shealth,0,13174,1.294504,9909.85,412.09,R0X8Tl1DGH,com.sec.android.app.shealth,0108a73f-52fb-49bb-88e4-58d148d03873,1737763200000,
85096eb2-d6df-46d0-989e-8625c2751c36.binning_data.json,2025-01-25 23:00:00.852,2025-01-25 23:00:00.852,com.sec.android.app.shealth,25,11369,1.4642203,8614.496,414.4284,MhLCbMNGdz,com.sec.android.app.shealth,85096eb2-d6df-46d0-989e-8625c2751c36,1737763200000,
026a910c-99e3-4d32-9625-ff5af0dce888.binning_data.json,2025-01-26 21:00:27.263,2025-01-26 08:49:56.613,com.sec.android.app.shealth,-2,2998,1.2365062,2244.3647,98.291756,VfS0qUERdZ,com.sec.android.app.shealth,026a910c-99e3-4d32-9625-ff5af0dce888,1737849600000,
c3fbdd51-f83e-4711-a2cb-792ccec1d231.binning_data.json,2025-01-26 23:00:00.760,2025-01-26 23:00:00.760,com.sec.android.app.shealth,0,2531,1.2432027,1886.09,79.909996,R0X8Tl1DGH,com.sec.android.app.shealth,c3fbdd51-f83e-4711-a2cb-792ccec1d231,1737849600000,
8997af47-3767-445b-b094-bdc2a2eac709.binning_data.json,2025-01-26 23:00:01.041,2025-01-26 23:00:01.041,com.sec.android.app.shealth,25,879,1.2102734,665.6504,31.933594,MhLCbMNGdz,com.sec.android.app.shealth,8997af47-3767-445b-b094-bdc2a2eac709,1737849600000,
fa8c4ff2-064b-4cfb-bc07-d5dd9593db34.binning_data.json,2025-01-27 22:36:07.045,2025-01-27 06:51:04.736,com.sec.android.app.shealth,-2,2705,1.3127291,2023.2683,88.64749,VfS0qUERdZ,com.sec.android.app.shealth,fa8c4ff2-064b-4cfb-bc07-d5dd9593db34,1737936000000,
2f41c63a-cd47-470e-a352-fcc6e7eb8fa2.binning_data.json,2025-01-27 23:00:00.760,2025-01-27 23:00:00.760,com.sec.android.app.shealth,0,2403,1.2429751,1791.37,75.759995,R0X8Tl1DGH,com.sec.android.app.shealth,2f41c63a-cd47-470e-a352-fcc6e7eb8fa2,1737936000000,
5a7fedd0-dbab-4d88-80d7-30eab73b11ec.binning_data.json,2025-01-27 23:00:01.045,2025-01-27 23:00:01.045,com.sec.android.app.shealth,25,544,1.6437188,410.9297,20.613892,MhLCbMNGdz,com.sec.android.app.shealth,5a7fedd0-dbab-4d88-80d7-30eab73b11ec,1737936000000,
b4cde61b-12f6-4a3c-bb35-b0b585d69ac3.binning_data.json,2025-01-28 18:49:18.009,2025-01-28 07:15:20.712,com.sec.android.app.shealth,-2,4409,1.2823151,3300.8901,135.52,VfS0qUERdZ,com.sec.android.app.shealth,b4cde61b-12f6-4a3c-bb35-b0b585d69ac3,1738022400000,
74983ac2-0d54-4c1a-9127-0862108caeba.binning_data.json,2025-01-28 23:00:01.357,2025-01-28 23:00:01.357,com.sec.android.app.shealth,0,4409,1.2823151,3300.8901,135.52,R0X8Tl1DGH,com.sec.android.app.shealth,74983ac2-0d54-4c1a-9127-0862108caeba,1738022400000,
036ce745-0fbf-4b95-93d8-5fc8f7a124c8.binning_data.json,2025-01-29 22:48:20.746,2025-01-29 07:46:28.939,com.sec.android.app.shealth,-2,1684,1.308058,1275.7888,54.465332,VfS0qUERdZ,com.sec.android.app.shealth,036ce745-0fbf-4b95-93d8-5fc8f7a124c8,1738108800000,
754e16ca-58df-4f58-9327-5f1d6c75a49b.binning_data.json,2025-01-29 23:00:01.682,2025-01-29 23:00:01.682,com.sec.android.app.shealth,0,1490,1.2950345,1121.65,46.92,R0X8Tl1DGH,com.sec.android.app.shealth,754e16ca-58df-4f58-9327-5f1d6c75a49b,1738108800000,
fdf00635-3f67-4303-a6eb-ceebc14c0c79.binning_data.json,2025-01-29 23:00:02.425,2025-01-29 23:00:02.425,com.sec.android.app.shealth,25,275,1.4303776,214.55664,10.439331,MhLCbMNGdz,com.sec.android.app.shealth,fdf00635-3f67-4303-a6eb-ceebc14c0c79,1738108800000,
95118842-db4c-498d-9fbd-735dfc68931b.binning_data.json,2025-01-30 23:00:01.265,2025-01-29 23:12:00.851,com.sec.android.app.shealth,-2,4718,1.2868946,3525.7942,147.53552,VfS0qUERdZ,com.sec.android.app.shealth,95118842-db4c-498d-9fbd-735dfc68931b,1738195200000,
c7ba8798-7c05-4f64-9ea5-8a76deac6fb5.binning_data.json,2025-01-30 23:00:00.996,2025-01-30 23:00:00.996,com.sec.android.app.shealth,0,4367,1.2510033,3259.24,134.56999,R0X8Tl1DGH,com.sec.android.app.shealth,c7ba8798-7c05-4f64-9ea5-8a76deac6fb5,1738195200000,
26632ca0-359a-4d94-91e8-938eaa20670a.binning_data.json,2025-01-30 23:00:01.324,2025-01-30 23:00:01.324,com.sec.android.app.shealth,25,483,1.6825691,364.55664,17.288452,MhLCbMNGdz,com.sec.android.app.shealth,26632ca0-359a-4d94-91e8-938eaa20670a,1738195200000,
6901ab5a-1b45-464b-8b8d-5f254fe22517.binning_data.json,2025-01-31 18:51:39.805,2025-01-30 23:08:16.602,com.sec.android.app.shealth,-2,4531,1.325038,3451.8882,167.57684,VfS0qUERdZ,com.sec.android.app.shealth,6901ab5a-1b45-464b-8b8d-5f254fe22517,1738281600000,
7005dde9-5407-4f00-b46a-b09b7afd3f57.binning_data.json,2025-01-31 23:00:01.019,2025-01-31 23:00:01.019,com.sec.android.app.shealth,0,4140,1.3414887,3153.77,152.94,R0X8Tl1DGH,com.sec.android.app.shealth,7005dde9-5407-4f00-b46a-b09b7afd3f57,1738281600000,
587bebaf-677b-4329-848e-78be89c0e9a9.binning_data.json,2025-01-31 23:00:01.230,2025-01-31 23:00:01.230,com.sec.android.app.shealth,25,577,1.1421144,437.81055,21.20935,MhLCbMNGdz,com.sec.android.app.shealth,587bebaf-677b-4329-848e-78be89c0e9a9,1738281600000,
e6fded43-c011-4f21-bbaf-1bd95fed7ac4.binning_data.json,2025-02-01 23:00:01.152,2025-02-01 06:15:09.153,com.sec.android.app.shealth,-2,18063,1.3725476,13665.332,668.9783,VfS0qUERdZ,com.sec.android.app.shealth,e6fded43-c011-4f21-bbaf-1bd95fed7ac4,1738368000000,
73ca7c0b-41ca-4835-bf63-b6a843ff40a2.binning_data.json,2025-02-01 23:00:00.933,2025-02-01 23:00:00.933,com.sec.android.app.shealth,0,15715,1.307102,11832.69,577.75995,R0X8Tl1DGH,com.sec.android.app.shealth,73ca7c0b-41ca-4835-bf63-b6a843ff40a2,1738368000000,
17dbae84-c728-4c84-90e3-4c98f61937d8.binning_data.json,2025-02-01 23:00:01.247,2025-02-01 23:00:01.247,com.sec.android.app.shealth,25,10567,1.4985251,8017.1094,388.74817,MhLCbMNGdz,com.sec.android.app.shealth,17dbae84-c728-4c84-90e3-4c98f61937d8,1738368000000,
f95c94e5-d124-4992-936b-46dabc112899.binning_data.json,2025-02-02 23:00:00.965,2025-02-02 06:23:08.166,com.sec.android.app.shealth,-2,4074,1.2868145,3069.1396,149.92596,VfS0qUERdZ,com.sec.android.app.shealth,f95c94e5-d124-4992-936b-46dabc112899,1738454400000,
96682c2b-c665-47b3-b5c3-39694e3340e1.binning_data.json,2025-02-02 23:00:00.766,2025-02-02 23:00:00.766,com.sec.android.app.shealth,0,2625,1.2263991,1951.01,97.31,R0X8Tl1DGH,com.sec.android.app.shealth,96682c2b-c665-47b3-b5c3-39694e3340e1,1738454400000,
d4b58805-9fe5-4800-b8dc-8899a339d6f8.binning_data.json,2025-02-02 23:00:01.023,2025-02-02 23:00:01.023,com.sec.android.app.shealth,25,2403,1.2870014,1823.252,88.444214,MhLCbMNGdz,com.sec.android.app.shealth,d4b58805-9fe5-4800-b8dc-8899a339d6f8,1738454400000,
011f29e3-eb28-4061-9a77-379e20cf9d69.binning_data.json,2025-02-03 23:00:01.953,2025-02-03 09:03:15.170,com.sec.android.app.shealth,-2,1515,1.2958947,1138.24,55.56,VfS0qUERdZ,com.sec.android.app.shealth,011f29e3-eb28-4061-9a77-379e20cf9d69,1738540800000,
1594c1da-b0d5-4ff3-9972-e43c8078817d.binning_data.json,2025-02-03 23:00:01.659,2025-02-03 23:00:01.659,com.sec.android.app.shealth,0,1515,1.2958947,1138.24,55.56,R0X8Tl1DGH,com.sec.android.app.shealth,1594c1da-b0d5-4ff3-9972-e43c8078817d,1738540800000,
cc8a019c-144d-4a60-b687-6dfbf8b4fd25.binning_data.json,2025-02-04 23:00:00.854,2025-02-04 07:39:56.514,com.sec.android.app.shealth,-2,5004,1.2946182,3756.41,182.4,VfS0qUERdZ,com.sec.android.app.shealth,cc8a019c-144d-4a60-b687-6dfbf8b4fd25,1738627200000,
bc39ae20-4af7-40c8-b456-927ee55d2e38.binning_data.json,2025-02-04 23:00:00.608,2025-02-04 23:00:00.608,com.sec.android.app.shealth,0,5004,1.2946182,3756.41,182.4,R0X8Tl1DGH,com.sec.android.app.shealth,bc39ae20-4af7-40c8-b456-927ee55d2e38,1738627200000,
8b30f1bd-81f4-4780-905e-cde9fcdad134.binning_data.json,2025-02-05 22:42:25.840,2025-02-05 06:53:21.369,com.sec.android.app.shealth,-2,5361,1.301248,4028.79,198.87,VfS0qUERdZ,com.sec.android.app.shealth,8b30f1bd-81f4-4780-905e-cde9fcdad134,1738713600000,
cbfc741c-2324-48ad-ba34-941e516a9f70.binning_data.json,2025-02-05 23:00:00.943,2025-02-05 23:00:00.943,com.sec.android.app.shealth,0,5361,1.301248,4028.79,198.87,R0X8Tl1DGH,com.sec.android.app.shealth,cbfc741c-2324-48ad-ba34-941e516a9f70,1738713600000,
77fefcc8-e139-4de5-9d0c-4bfb437ddac8.binning_data.json,2025-02-06 20:08:02.824,2025-02-06 07:34:51.158,com.sec.android.app.shealth,-2,4636,1.3317391,3499.82,165.67,VfS0qUERdZ,com.sec.android.app.shealth,77fefcc8-e139-4de5-9d0c-4bfb437ddac8,1738800000000,
17be6cf1-5f16-4529-9b58-76ea970ee2b8.binning_data.json,2025-02-06 23:00:00.827,2025-02-06 23:00:00.827,com.sec.android.app.shealth,0,4636,1.3317391,3499.82,165.67,R0X8Tl1DGH,com.sec.android.app.shealth,17be6cf1-5f16-4529-9b58-76ea970ee2b8,1738800000000,
62a1b782-ae3e-4fe4-97fa-5082cfa43002.binning_data.json,2025-02-07 22:13:58.498,2025-02-06 23:19:42.129,com.sec.android.app.shealth,-2,925,1.2661737,697.81,34.86,VfS0qUERdZ,com.sec.android.app.shealth,62a1b782-ae3e-4fe4-97fa-5082cfa43002,1738886400000,
76efdf2f-1da5-41fb-9fd6-fcb124c1c7e8.binning_data.json,2025-02-07 23:00:01.853,2025-02-07 23:00:01.853,com.sec.android.app.shealth,0,925,1.2661737,697.81,34.86,R0X8Tl1DGH,com.sec.android.app.shealth,76efdf2f-1da5-41fb-9fd6-fcb124c1c7e8,1738886400000,
e13635e6-5113-442d-ada3-86fe67f09a8a.binning_data.json,2025-02-08 20:15:08.085,2025-02-08 06:41:25.195,com.sec.android.app.shealth,-2,13813,1.2899339,10364.82,511.49,VfS0qUERdZ,com.sec.android.app.shealth,e13635e6-5113-442d-ada3-86fe67f09a8a,1738972800000,
99ae66c6-678b-42db-a918-b5be38fe057b.binning_data.json,2025-02-08 23:00:01.198,2025-02-08 23:00:01.198,com.sec.android.app.shealth,0,13813,1.2899339,10364.82,511.49,R0X8Tl1DGH,com.sec.android.app.shealth,99ae66c6-678b-42db-a918-b5be38fe057b,1738972800000,
8316785c-2295-4955-ac00-e668cd22fdaf.binning_data.json,2025-02-09 20:23:00.753,2025-02-09 07:53:18.752,com.sec.android.app.shealth,-2,1371,1.2796993,1028.6901,49.829998,VfS0qUERdZ,com.sec.android.app.shealth,8316785c-2295-4955-ac00-e668cd22fdaf,1739059200000,
cebd3ea9-3874-4963-bdb2-ac32ede2d8a2.binning_data.json,2025-02-09 23:00:01.100,2025-02-09 23:00:01.100,com.sec.android.app.shealth,0,1371,1.2796993,1028.6901,49.829998,R0X8Tl1DGH,com.sec.android.app.shealth,cebd3ea9-3874-4963-bdb2-ac32ede2d8a2,1739059200000,
cbc4a033-082d-4457-b3d0-fae4016061e5.binning_data.json,2025-02-10 22:18:20.073,2025-02-10 02:41:34.906,com.sec.android.app.shealth,-2,1054,1.3469536,801.44,38.47,VfS0qUERdZ,com.sec.android.app.shealth,cbc4a033-082d-4457-b3d0-fae4016061e5,1739145600000,
10df27bc-22bb-4497-a1d9-eff5c363d8e8.binning_data.json,2025-02-10 23:00:00.690,2025-02-10 23:00:00.690,com.sec.android.app.shealth,0,1054,1.3469536,801.44,38.47,R0X8Tl1DGH,com.sec.android.app.shealth,10df27bc-22bb-4497-a1d9-eff5c363d8e8,1739145600000,
6874c604-d7d7-4550-8615-acb1bec2311d.binning_data.json,2025-02-11 18:46:40.317,2025-02-11 05:05:33.523,com.sec.android.app.shealth,-2,5921,1.2851166,4441.96,229.83998,VfS0qUERdZ,com.sec.android.app.shealth,6874c604-d7d7-4550-8615-acb1bec2311d,1739232000000,
cfb04dde-dfb4-4c61-a772-fd97f0530ada.binning_data.json,2025-02-11 23:00:00.533,2025-02-11 23:00:00.533,com.sec.android.app.shealth,0,5921,1.2851166,4441.96,229.83998,R0X8Tl1DGH,com.sec.android.app.shealth,cfb04dde-dfb4-4c61-a772-fd97f0530ada,1739232000000,
58c5912d-2e18-4ddf-a131-4fd0a204ee3f.binning_data.json,2025-02-12 21:20:01.909,2025-02-12 07:52:07.213,com.sec.android.app.shealth,-2,8836,1.30308,6638.48,346.46997,VfS0qUERdZ,com.sec.android.app.shealth,58c5912d-2e18-4ddf-a131-4fd0a204ee3f,1739318400000,
55a85893-022f-40ae-aee1-42b63e3c603f.binning_data.json,2025-02-12 23:00:00.873,2025-02-12 23:00:00.873,com.sec.android.app.shealth,0,8836,1.30308,6638.48,346.46997,R0X8Tl1DGH,com.sec.android.app.shealth,55a85893-022f-40ae-aee1-42b63e3c603f,1739318400000,
7c31b322-44f7-42dd-bfd1-296bcd14014e.binning_data.json,2025-02-13 21:15:34.278,2025-02-13 09:20:04.050,com.sec.android.app.shealth,-2,3959,1.3317418,2989.05,151.86,VfS0qUERdZ,com.sec.android.app.shealth,7c31b322-44f7-42dd-bfd1-296bcd14014e,1739404800000,
0b28474a-2098-4582-a4f1-71fa5596f18f.binning_data.json,2025-02-13 23:00:00.790,2025-02-13 23:00:00.790,com.sec.android.app.shealth,0,3959,1.3317418,2989.05,151.86,R0X8Tl1DGH,com.sec.android.app.shealth,0b28474a-2098-4582-a4f1-71fa5596f18f,1739404800000,
efc3fdd8-1147-415d-9074-03dd0e7b48a3.binning_data.json,2025-02-14 23:00:01.854,2025-02-14 07:27:31.748,com.sec.android.app.shealth,-2,6240,1.362138,4734.4297,229.40997,VfS0qUERdZ,com.sec.android.app.shealth,efc3fdd8-1147-415d-9074-03dd0e7b48a3,1739491200000,
cf0f20c6-2679-4af3-9b1b-5c0b67a8b6aa.binning_data.json,2025-02-14 23:00:01.417,2025-02-14 23:00:01.417,com.sec.android.app.shealth,0,6240,1.362138,4734.4297,229.40997,R0X8Tl1DGH,com.sec.android.app.shealth,cf0f20c6-2679-4af3-9b1b-5c0b67a8b6aa,1739491200000,
cbe8298f-81ac-4ca5-9af4-db949e03310f.binning_data.json,2025-02-15 21:25:17.928,2025-02-15 06:01:11.258,com.sec.android.app.shealth,-2,16363,1.3111383,12306.969,600.5818,VfS0qUERdZ,com.sec.android.app.shealth,cbe8298f-81ac-4ca5-9af4-db949e03310f,1739577600000,
6ec0afdb-cc3e-42aa-b585-2d8d553c4f94.binning_data.json,2025-02-15 23:00:00.663,2025-02-15 23:00:00.663,com.sec.android.app.shealth,0,15885,1.2980869,11936.12,582.61,R0X8Tl1DGH,com.sec.android.app.shealth,6ec0afdb-cc3e-42aa-b585-2d8d553c4f94,1739577600000,
f330ed47-e89a-4763-a6ef-5f044c3c301f.binning_data.json,2025-02-15 23:00:00.917,2025-02-15 23:00:00.917,com.sec.android.app.shealth,25,809,1.6154581,619.259,29.121813,MhLCbMNGdz,com.sec.android.app.shealth,f330ed47-e89a-4763-a6ef-5f044c3c301f,1739577600000,
4642c480-3be2-486c-b9ca-1b1158a14f3d.binning_data.json,2025-02-16 20:27:49.721,2025-02-16 08:30:12.170,com.sec.android.app.shealth,-2,6251,1.5098412,4706.025,231.37349,VfS0qUERdZ,com.sec.android.app.shealth,4642c480-3be2-486c-b9ca-1b1158a14f3d,1739664000000,
e95f25de-b8ed-4939-802c-69f5dd5ce04c.binning_data.json,2025-02-16 23:00:00.759,2025-02-16 23:00:00.759,com.sec.android.app.shealth,0,5009,1.3157681,3768.67,151.1,R0X8Tl1DGH,com.sec.android.app.shealth,e95f25de-b8ed-4939-802c-69f5dd5ce04c,1739664000000,
59cde824-6693-4cae-adf0-a19f79ef862d.binning_data.json,2025-02-16 23:00:01.032,2025-02-16 23:00:01.032,com.sec.android.app.shealth,25,6100,2.3789554,4559.6646,281.42154,MhLCbMNGdz,com.sec.android.app.shealth,59cde824-6693-4cae-adf0-a19f79ef862d,1739664000000,
cce8da7a-0120-4acd-bd58-67abbc1bbdbe.binning_data.json,2025-02-17 21:07:41.536,2025-02-17 05:53:02.899,com.sec.android.app.shealth,-2,5317,1.4862342,4051.8555,189.90718,VfS0qUERdZ,com.sec.android.app.shealth,cce8da7a-0120-4acd-bd58-67abbc1bbdbe,1739750400000,
e09d2fa3-594f-4775-a17f-009bbb816307.binning_data.json,2025-02-17 23:00:10.440,2025-02-17 23:00:10.440,com.sec.android.app.shealth,0,3143,1.3281069,2378.49,98.45,R0X8Tl1DGH,com.sec.android.app.shealth,e09d2fa3-594f-4775-a17f-009bbb816307,1739750400000,
093d3680-3180-4210-a883-b90d718375f9.binning_data.json,2025-02-17 23:00:10.718,2025-02-17 23:00:10.718,com.sec.android.app.shealth,25,4870,1.7200955,3726.8735,185.09363,MhLCbMNGdz,com.sec.android.app.shealth,093d3680-3180-4210-a883-b90d718375f9,1739750400000,
ac958aaf-e78c-42c9-aaac-1ef49c8b0f2f.binning_data.json,2025-02-18 22:02:58.907,2025-02-18 07:07:15.888,com.sec.android.app.shealth,-2,7030,1.464194,5303.154,217.77739,VfS0qUERdZ,com.sec.android.app.shealth,ac958aaf-e78c-42c9-aaac-1ef49c8b0f2f,1739836800000,
6d62f4b9-0b28-4fc2-8996-49e452e17457.binning_data.json,2025-02-18 23:00:00.549,2025-02-18 23:00:00.549,com.sec.android.app.shealth,0,5155,1.3193038,3883.92,156.17,R0X8Tl1DGH,com.sec.android.app.shealth,6d62f4b9-0b28-4fc2-8996-49e452e17457,1739836800000,
fd06deb4-60cc-43f6-b57d-7c97a4de82f2.binning_data.json,2025-02-18 23:00:00.841,2025-02-18 23:00:00.841,com.sec.android.app.shealth,25,6744,2.028676,5071.6904,197.77322,MhLCbMNGdz,com.sec.android.app.shealth,fd06deb4-60cc-43f6-b57d-7c97a4de82f2,1739836800000,
d9dc831d-5f0d-45a6-8b2b-ef7916bc9b42.binning_data.json,2025-02-19 22:36:05.753,2025-02-19 08:40:08.222,com.sec.android.app.shealth,-2,6493,1.5159832,4962.1167,220.12468,VfS0qUERdZ,com.sec.android.app.shealth,d9dc831d-5f0d-45a6-8b2b-ef7916bc9b42,1739923200000,
f26318d6-9dd8-4a55-bdcd-db92a561e49c.binning_data.json,2025-02-19 23:00:00.765,2025-02-19 23:00:00.765,com.sec.android.app.shealth,0,4613,1.3928465,3514.51,141.59999,R0X8Tl1DGH,com.sec.android.app.shealth,f26318d6-9dd8-4a55-bdcd-db92a561e49c,1739923200000,
a8a9d91b-0c47-4b84-9037-c3a2016a95e9.binning_data.json,2025-02-19 23:00:01.055,2025-02-19 23:00:01.055,com.sec.android.app.shealth,25,5997,1.834898,4587.245,210.46051,MhLCbMNGdz,com.sec.android.app.shealth,a8a9d91b-0c47-4b84-9037-c3a2016a95e9,1739923200000,
abaf2dc0-3090-40c8-b05b-a69050eaabbe.binning_data.json,2025-02-20 22:20:14.811,2025-02-20 06:01:33.903,com.sec.android.app.shealth,-2,19564,1.9306805,17117.271,807.7634,VfS0qUERdZ,com.sec.android.app.shealth,abaf2dc0-3090-40c8-b05b-a69050eaabbe,1740009600000,
93ed7b2d-e646-4d09-a62a-aac7990cdf81.binning_data.json,2025-02-20 23:00:00.958,2025-02-20 23:00:00.958,com.sec.android.app.shealth,0,16594,1.8075951,14838.38,711.0299,R0X8Tl1DGH,com.sec.android.app.shealth,93ed7b2d-e646-4d09-a62a-aac7990cdf81,1740009600000,
589f3bb3-ec3f-4a4d-a873-ed00fb25c4d5.binning_data.json,2025-02-20 23:00:01.299,2025-02-20 23:00:01.299,com.sec.android.app.shealth,25,10951,2.1325567,8281.428,341.66327,MhLCbMNGdz,com.sec.android.app.shealth,589f3bb3-ec3f-4a4d-a873-ed00fb25c4d5,1740009600000,
7d8fe1bc-0531-46f2-9d32-47c1d18d1d03.binning_data.json,2025-02-21 22:59:30.223,2025-02-21 08:40:17.998,com.sec.android.app.shealth,-2,9186,1.3778294,7177.9956,341.00204,VfS0qUERdZ,com.sec.android.app.shealth,7d8fe1bc-0531-46f2-9d32-47c1d18d1d03,1740096000000,
9d28795c-7f11-43c4-939c-927a238d5c0e.binning_data.json,2025-02-21 23:00:02.190,2025-02-21 23:00:02.190,com.sec.android.app.shealth,0,5586,1.4750959,4431.45,216.40997,R0X8Tl1DGH,com.sec.android.app.shealth,9d28795c-7f11-43c4-939c-927a238d5c0e,1740096000000,
5ba57ec7-550a-4698-95fc-6c0e9f8bc5e5.binning_data.json,2025-02-21 23:00:02.864,2025-02-21 23:00:02.864,com.sec.android.app.shealth,25,6650,1.3531343,5051.701,236.60608,MhLCbMNGdz,com.sec.android.app.shealth,5ba57ec7-550a-4698-95fc-6c0e9f8bc5e5,1740096000000,
666f4f61-4861-44b8-9063-ef3b048a2bb8.binning_data.json,2025-02-22 21:58:54.999,2025-02-21 23:17:52.920,com.sec.android.app.shealth,-2,18480,1.381572,13931.857,667.3996,VfS0qUERdZ,com.sec.android.app.shealth,666f4f61-4861-44b8-9063-ef3b048a2bb8,1740182400000,
6a769447-6f63-44a1-a1d6-786985334f89.binning_data.json,2025-02-22 23:00:00.886,2025-02-22 23:00:00.886,com.sec.android.app.shealth,0,16805,1.3112504,12651.39,618.83,R0X8Tl1DGH,com.sec.android.app.shealth,6a769447-6f63-44a1-a1d6-786985334f89,1740182400000,
f68327db-38e7-4649-aa9d-e829496f3b8c.binning_data.json,2025-02-22 23:00:01.258,2025-02-22 23:00:01.258,com.sec.android.app.shealth,25,11097,1.4920166,8380.16,349.97742,MhLCbMNGdz,com.sec.android.app.shealth,f68327db-38e7-4649-aa9d-e829496f3b8c,1740182400000,
c255ebc3-a354-43f8-abe3-6b46680948ef.binning_data.json,2025-02-23 21:56:12.620,2025-02-23 06:11:09.123,com.sec.android.app.shealth,-2,15918,1.5449661,11932.087,553.0725,VfS0qUERdZ,com.sec.android.app.shealth,c255ebc3-a354-43f8-abe3-6b46680948ef,1740268800000,
750ce44e-8349-4a92-bdc9-ffe315bbddcf.binning_data.json,2025-02-23 23:00:00.892,2025-02-23 23:00:00.892,com.sec.android.app.shealth,0,11528,1.1351801,8465.03,443.97998,R0X8Tl1DGH,com.sec.android.app.shealth,750ce44e-8349-4a92-bdc9-ffe315bbddcf,1740268800000,
a0eb98a8-78cc-422f-a859-3800dada9322.binning_data.json,2025-02-23 23:00:01.310,2025-02-23 23:00:01.310,com.sec.android.app.shealth,25,14408,2.0142398,10843.324,419.0913,MhLCbMNGdz,com.sec.android.app.shealth,a0eb98a8-78cc-422f-a859-3800dada9322,1740268800000,
a0011c74-7625-47aa-a95e-f4fc31d32c35.binning_data.json,2025-02-24 23:00:01.979,2025-02-23 23:12:20.985,com.sec.android.app.shealth,-2,4248,1.2895006,3187.31,159.74,VfS0qUERdZ,com.sec.android.app.shealth,a0011c74-7625-47aa-a95e-f4fc31d32c35,1740355200000,
269c14dc-475b-4d84-a61c-f028956484f7.binning_data.json,2025-02-24 23:00:01.469,2025-02-24 23:00:01.469,com.sec.android.app.shealth,0,4248,1.2895006,3187.31,159.74,R0X8Tl1DGH,com.sec.android.app.shealth,269c14dc-475b-4d84-a61c-f028956484f7,1740355200000,
d1beeaee-0fa6-4cca-af7c-09930b92284b.binning_data.json,2025-02-25 22:41:08.084,2025-02-25 08:07:55.969,com.sec.android.app.shealth,-2,5125,1.228455,3809.71,194.68,VfS0qUERdZ,com.sec.android.app.shealth,d1beeaee-0fa6-4cca-af7c-09930b92284b,1740441600000,
879a2330-6d6a-480f-a6bd-8550b005d31f.binning_data.json,2025-02-25 23:00:01.215,2025-02-25 23:00:01.215,com.sec.android.app.shealth,0,5125,1.228455,3809.71,194.68,R0X8Tl1DGH,com.sec.android.app.shealth,879a2330-6d6a-480f-a6bd-8550b005d31f,1740441600000,
8a8c15e3-0e92-42c1-942a-d3ac3d736613.binning_data.json,2025-02-26 20:50:09.375,2025-02-25 23:35:22.816,com.sec.android.app.shealth,-2,3986,1.2181026,2956.39,150.98,VfS0qUERdZ,com.sec.android.app.shealth,8a8c15e3-0e92-42c1-942a-d3ac3d736613,1740528000000,
b98d408e-335b-48f9-b37a-816c2db697b7.binning_data.json,2025-02-26 23:03:52.130,2025-02-26 23:03:52.130,com.sec.android.app.shealth,0,3986,1.2181026,2956.39,150.98,R0X8Tl1DGH,com.sec.android.app.shealth,b98d408e-335b-48f9-b37a-816c2db697b7,1740528000000,
21fc7f17-a9c8-43d9-aa99-080c353e1d8f.binning_data.json,2025-02-27 14:10:46.211,2025-02-26 23:13:28.931,com.sec.android.app.shealth,-2,5459,1.3644401,4138.19,207.57999,VfS0qUERdZ,com.sec.android.app.shealth,21fc7f17-a9c8-43d9-aa99-080c353e1d8f,1740614400000,
